Starting a Gradle Daemon, 1 busy and 1 stopped Daemons could not be reused, use --status for details
> Task :gradle-plugin:settings-plugin:checkKotlinGradlePluginConfigurationErrors SKIPPED
> Task :gradle-plugin:shared:checkKotlinGradlePluginConfigurationErrors SKIPPED
> Task :gradle-plugin:shared:compileKotlin UP-TO-DATE
> Task :gradle-plugin:shared:compileJava NO-SOURCE
> Task :gradle-plugin:shared:processResources NO-SOURCE
> Task :gradle-plugin:shared:classes UP-TO-DATE
> Task :gradle-plugin:shared:jar UP-TO-DATE
> Task :gradle-plugin:settings-plugin:compileKotlin UP-TO-DATE
> Task :gradle-plugin:settings-plugin:compileJava NO-SOURCE
> Task :gradle-plugin:settings-plugin:pluginDescriptors UP-TO-DATE
> Task :gradle-plugin:settings-plugin:processResources UP-TO-DATE
> Task :gradle-plugin:settings-plugin:classes UP-TO-DATE
> Task :gradle-plugin:settings-plugin:jar UP-TO-DATE
> Task :gradle-plugin:react-native-gradle-plugin:checkKotlinGradlePluginConfigurationErrors SKIPPED
> Task :gradle-plugin:react-native-gradle-plugin:compileKotlin UP-TO-DATE
> Task :gradle-plugin:react-native-gradle-plugin:compileJava NO-SOURCE
> Task :gradle-plugin:react-native-gradle-plugin:pluginDescriptors UP-TO-DATE
> Task :gradle-plugin:react-native-gradle-plugin:processResources UP-TO-DATE
> Task :gradle-plugin:react-native-gradle-plugin:classes UP-TO-DATE
> Task :gradle-plugin:react-native-gradle-plugin:jar UP-TO-DATE

> Configure project :react-native-firebase_app
:react-native-firebase_app package.json found at O:\PROJECTS\CONNIFY-APP\Connify\node_modules\@react-native-firebase\app\package.json
:react-native-firebase_app:firebase.bom using default value: 34.15.0
:react-native-firebase_app:play.play-services-auth using default value: 21.5.0
:react-native-firebase_app package.json found at O:\PROJECTS\CONNIFY-APP\Connify\node_modules\@react-native-firebase\app\package.json
:react-native-firebase_app:version set from package.json: 25.1.0 (25,1,0 - 25001000)
:react-native-firebase_app:android.compileSdk using custom value: 36
:react-native-firebase_app:android.targetSdk using custom value: 36
:react-native-firebase_app:android.minSdk using custom value: 24
:react-native-firebase_app:reactNativeAndroidDir O:\PROJECTS\CONNIFY-APP\Connify\node_modules\react-native

> Configure project :react-native-firebase_auth
:react-native-firebase_auth package.json found at O:\PROJECTS\CONNIFY-APP\Connify\node_modules\@react-native-firebase\auth\package.json
:react-native-firebase_app package.json found at O:\PROJECTS\CONNIFY-APP\Connify\node_modules\@react-native-firebase\app\package.json
:react-native-firebase_auth:firebase.bom using default value: 34.15.0
:react-native-firebase_auth package.json found at O:\PROJECTS\CONNIFY-APP\Connify\node_modules\@react-native-firebase\auth\package.json
:react-native-firebase_auth:version set from package.json: 25.1.0 (25,1,0 - 25001000)
:react-native-firebase_auth:android.compileSdk using custom value: 36
:react-native-firebase_auth:android.targetSdk using custom value: 36
:react-native-firebase_auth:android.minSdk using custom value: 24
:react-native-firebase_auth:reactNativeAndroidDir O:\PROJECTS\CONNIFY-APP\Connify\node_modules\react-native

> Configure project :react-native-nitro-image
[NitroModules] 🔥 NitroImage is boosted by nitro!

> Configure project :react-native-nitro-modules
[NitroModules] 🔥 Your app is boosted by nitro modules!

> Configure project :react-native-vision-camera
[NitroModules] 🔥 VisionCamera is boosted by nitro!
Warning: SDK processing. This version only understands SDK XML versions up to 3 but an SDK XML file of version 4 was encountered. This can happen if you use versions of Android Studio and the command-line tools that were released at different times.

> Task :app:generateAutolinkingNewArchitectureFiles UP-TO-DATE
> Task :app:generateAutolinkingPackageList UP-TO-DATE
> Task :app:generateCodegenSchemaFromJavaScript SKIPPED
> Task :app:generateCodegenArtifactsFromSchema SKIPPED
> Task :app:generateReactNativeEntryPoint UP-TO-DATE
> Task :lottie-react-native:generateCodegenSchemaFromJavaScript UP-TO-DATE
> Task :lottie-react-native:generateCodegenArtifactsFromSchema UP-TO-DATE
> Task :lottie-react-native:preBuild UP-TO-DATE
> Task :react-native-async-storage_async-storage:generateCodegenSchemaFromJavaScript UP-TO-DATE
> Task :react-native-async-storage_async-storage:generateCodegenArtifactsFromSchema UP-TO-DATE
> Task :react-native-async-storage_async-storage:preBuild UP-TO-DATE
> Task :react-native-bootsplash:generateCodegenSchemaFromJavaScript UP-TO-DATE
> Task :react-native-bootsplash:generateCodegenArtifactsFromSchema UP-TO-DATE
> Task :react-native-bootsplash:preBuild UP-TO-DATE
> Task :react-native-community_netinfo:generateCodegenSchemaFromJavaScript UP-TO-DATE
> Task :react-native-community_netinfo:generateCodegenArtifactsFromSchema UP-TO-DATE
> Task :react-native-community_netinfo:preBuild UP-TO-DATE
> Task :react-native-device-info:preBuild UP-TO-DATE
> Task :react-native-firebase_app:preBuild UP-TO-DATE
> Task :react-native-firebase_auth:preBuild UP-TO-DATE
> Task :react-native-geolocation-service:preBuild UP-TO-DATE
> Task :react-native-gesture-handler:generateCodegenSchemaFromJavaScript UP-TO-DATE
> Task :react-native-gesture-handler:generateCodegenArtifactsFromSchema UP-TO-DATE
> Task :react-native-gesture-handler:preBuild UP-TO-DATE
> Task :react-native-get-random-values:generateCodegenSchemaFromJavaScript UP-TO-DATE
> Task :react-native-get-random-values:generateCodegenArtifactsFromSchema UP-TO-DATE
> Task :react-native-get-random-values:preBuild UP-TO-DATE
> Task :react-native-google-signin_google-signin:generateCodegenSchemaFromJavaScript UP-TO-DATE
> Task :react-native-google-signin_google-signin:generateCodegenArtifactsFromSchema UP-TO-DATE
> Task :react-native-google-signin_google-signin:preBuild UP-TO-DATE
> Task :react-native-image-picker:generateCodegenSchemaFromJavaScript UP-TO-DATE
> Task :react-native-image-picker:generateCodegenArtifactsFromSchema UP-TO-DATE
> Task :react-native-image-picker:preBuild UP-TO-DATE
> Task :react-native-keychain:generateCodegenSchemaFromJavaScript UP-TO-DATE
> Task :react-native-keychain:generateCodegenArtifactsFromSchema UP-TO-DATE
> Task :react-native-keychain:preBuild UP-TO-DATE
> Task :react-native-localize:generateCodegenSchemaFromJavaScript UP-TO-DATE
> Task :react-native-localize:generateCodegenArtifactsFromSchema UP-TO-DATE
> Task :react-native-localize:preBuild UP-TO-DATE
> Task :react-native-ml-kit_barcode-scanning:preBuild UP-TO-DATE

> Task :react-native-nitro-image:generateCodegenSchemaFromJavaScript
No modules to process in combine-js-to-schema-cli. If this is unexpected, please check if you set up your NativeComponent correctly. See combine-js-to-schema.js for how codegen finds modules.

> Task :react-native-nitro-image:generateCodegenArtifactsFromSchema
> Task :react-native-nitro-image:prepareHeaders UP-TO-DATE
> Task :react-native-nitro-image:preBuild
> Task :react-native-nitro-modules:generateCodegenSchemaFromJavaScript UP-TO-DATE
> Task :react-native-nitro-modules:generateCodegenArtifactsFromSchema UP-TO-DATE
> Task :react-native-nitro-modules:prepareHeaders UP-TO-DATE
> Task :react-native-nitro-modules:preBuild UP-TO-DATE
> Task :react-native-permissions:generateCodegenSchemaFromJavaScript UP-TO-DATE
> Task :react-native-permissions:generateCodegenArtifactsFromSchema UP-TO-DATE
> Task :react-native-permissions:preBuild UP-TO-DATE
> Task :react-native-reanimated:assertMinimalReactNativeVersionTask
> Task :react-native-reanimated:assertWorkletsVersionTask
> Task :react-native-reanimated:generateCodegenSchemaFromJavaScript UP-TO-DATE
> Task :react-native-reanimated:generateCodegenArtifactsFromSchema UP-TO-DATE
> Task :react-native-reanimated:prepareReanimatedHeadersForPrefabs UP-TO-DATE
> Task :react-native-reanimated:preBuild
> Task :react-native-safe-area-context:generateCodegenSchemaFromJavaScript UP-TO-DATE
> Task :react-native-safe-area-context:generateCodegenArtifactsFromSchema UP-TO-DATE
> Task :react-native-safe-area-context:preBuild UP-TO-DATE
> Task :react-native-screens:generateCodegenSchemaFromJavaScript UP-TO-DATE
> Task :react-native-screens:generateCodegenArtifactsFromSchema UP-TO-DATE
> Task :react-native-screens:preBuild UP-TO-DATE
> Task :react-native-svg:generateCodegenSchemaFromJavaScript UP-TO-DATE
> Task :react-native-svg:generateCodegenArtifactsFromSchema UP-TO-DATE
> Task :react-native-svg:preBuild UP-TO-DATE
> Task :react-native-vector-icons:generateCodegenSchemaFromJavaScript UP-TO-DATE
> Task :react-native-vector-icons:generateCodegenArtifactsFromSchema UP-TO-DATE
> Task :react-native-vector-icons:preBuild UP-TO-DATE

> Task :react-native-vision-camera:generateCodegenSchemaFromJavaScript
No modules to process in combine-js-to-schema-cli. If this is unexpected, please check if you set up your NativeComponent correctly. See combine-js-to-schema.js for how codegen finds modules.

> Task :react-native-vision-camera:generateCodegenArtifactsFromSchema
> Task :react-native-vision-camera:prepareHeaders UP-TO-DATE
> Task :react-native-vision-camera:preBuild
> Task :react-native-worklets:assertMinimalReactNativeVersionTask
> Task :react-native-worklets:generateCodegenSchemaFromJavaScript UP-TO-DATE
> Task :react-native-worklets:generateCodegenArtifactsFromSchema UP-TO-DATE
> Task :react-native-worklets:prepareWorkletsHeadersForPrefabs UP-TO-DATE
> Task :react-native-worklets:preBuild
> Task :app:preBuild
> Task :app:preReleaseBuild
> Task :react-native-nitro-image:preReleaseBuild
> Task :react-native-nitro-modules:preReleaseBuild UP-TO-DATE
> Task :react-native-nitro-modules:configureCMakeRelWithDebInfo[arm64-v8a]
> Task :react-native-nitro-modules:buildCMakeRelWithDebInfo[arm64-v8a]
> Task :react-native-nitro-modules:configureCMakeRelWithDebInfo[armeabi-v7a]
> Task :react-native-nitro-modules:buildCMakeRelWithDebInfo[armeabi-v7a]
> Task :react-native-nitro-modules:configureCMakeRelWithDebInfo[x86]
> Task :react-native-nitro-modules:buildCMakeRelWithDebInfo[x86]
> Task :react-native-nitro-modules:configureCMakeRelWithDebInfo[x86_64]
> Task :react-native-nitro-modules:buildCMakeRelWithDebInfo[x86_64]
> Task :react-native-nitro-modules:externalNativeBuildRelease
> Task :react-native-nitro-modules:generateJsonModelRelease
> Task :react-native-nitro-modules:prefabReleaseConfigurePackage
> Task :react-native-nitro-image:configureCMakeRelWithDebInfo[arm64-v8a]
> Task :react-native-nitro-modules:prefabReleasePackage UP-TO-DATE
> Task :react-native-nitro-image:buildCMakeRelWithDebInfo[arm64-v8a]
C/C++: ninja: Entering directory `O:\PROJECTS\CONNIFY-APP\Connify\node_modules\react-native-nitro-image\android\.cxx\RelWithDebInfo\5231n2wb\arm64-v8a'
C/C++: O:/PROJECTS/CONNIFY-APP/Connify/node_modules/react-native-nitro-image/nitrogen/generated/shared/c++/views/HybridNitroImageViewComponent.cpp:82:35: warning: 'RawPropsParser' is deprecated [-Wdeprecated-declarations]
C/C++:    82 |                                   react::RawPropsParser(/* enableJsiParser */ true)) {}
C/C++:       |                                   ^
C/C++: C:/Users/godfr/.gradle/caches/8.13/transforms/92d2409485f18733f71ab40347233399/transformed/react-android-0.86.0-release/prefab/modules/reactnative/include/react/renderer/core/RawPropsParser.h:31:5: note: 'RawPropsParser' has been explicitly marked deprecated here
C/C++:    31 |   [[deprecated]] explicit RawPropsParser(bool /* ignored */) : RawPropsParser() {}
C/C++:       |     ^
C/C++: 1 warning generated.

> Task :react-native-nitro-image:configureCMakeRelWithDebInfo[armeabi-v7a]
> Task :react-native-nitro-image:buildCMakeRelWithDebInfo[armeabi-v7a]
C/C++: ninja: Entering directory `O:\PROJECTS\CONNIFY-APP\Connify\node_modules\react-native-nitro-image\android\.cxx\RelWithDebInfo\5231n2wb\armeabi-v7a'
C/C++: O:/PROJECTS/CONNIFY-APP/Connify/node_modules/react-native-nitro-image/nitrogen/generated/shared/c++/views/HybridNitroImageViewComponent.cpp:82:35: warning: 'RawPropsParser' is deprecated [-Wdeprecated-declarations]
C/C++:    82 |                                   react::RawPropsParser(/* enableJsiParser */ true)) {}
C/C++:       |                                   ^
C/C++: C:/Users/godfr/.gradle/caches/8.13/transforms/92d2409485f18733f71ab40347233399/transformed/react-android-0.86.0-release/prefab/modules/reactnative/include/react/renderer/core/RawPropsParser.h:31:5: note: 'RawPropsParser' has been explicitly marked deprecated here
C/C++:    31 |   [[deprecated]] explicit RawPropsParser(bool /* ignored */) : RawPropsParser() {}
C/C++:       |     ^
C/C++: 1 warning generated.

> Task :react-native-nitro-image:configureCMakeRelWithDebInfo[x86]
> Task :react-native-nitro-image:buildCMakeRelWithDebInfo[x86]
C/C++: ninja: Entering directory `O:\PROJECTS\CONNIFY-APP\Connify\node_modules\react-native-nitro-image\android\.cxx\RelWithDebInfo\5231n2wb\x86'
C/C++: O:/PROJECTS/CONNIFY-APP/Connify/node_modules/react-native-nitro-image/nitrogen/generated/shared/c++/views/HybridNitroImageViewComponent.cpp:82:35: warning: 'RawPropsParser' is deprecated [-Wdeprecated-declarations]
C/C++:    82 |                                   react::RawPropsParser(/* enableJsiParser */ true)) {}
C/C++:       |                                   ^
C/C++: C:/Users/godfr/.gradle/caches/8.13/transforms/92d2409485f18733f71ab40347233399/transformed/react-android-0.86.0-release/prefab/modules/reactnative/include/react/renderer/core/RawPropsParser.h:31:5: note: 'RawPropsParser' has been explicitly marked deprecated here
C/C++:    31 |   [[deprecated]] explicit RawPropsParser(bool /* ignored */) : RawPropsParser() {}
C/C++:       |     ^
C/C++: 1 warning generated.

> Task :react-native-nitro-image:configureCMakeRelWithDebInfo[x86_64]
> Task :react-native-nitro-image:buildCMakeRelWithDebInfo[x86_64]
C/C++: ninja: Entering directory `O:\PROJECTS\CONNIFY-APP\Connify\node_modules\react-native-nitro-image\android\.cxx\RelWithDebInfo\5231n2wb\x86_64'
C/C++: O:/PROJECTS/CONNIFY-APP/Connify/node_modules/react-native-nitro-image/nitrogen/generated/shared/c++/views/HybridNitroImageViewComponent.cpp:82:35: warning: 'RawPropsParser' is deprecated [-Wdeprecated-declarations]
C/C++:    82 |                                   react::RawPropsParser(/* enableJsiParser */ true)) {}
C/C++:       |                                   ^
C/C++: C:/Users/godfr/.gradle/caches/8.13/transforms/92d2409485f18733f71ab40347233399/transformed/react-android-0.86.0-release/prefab/modules/reactnative/include/react/renderer/core/RawPropsParser.h:31:5: note: 'RawPropsParser' has been explicitly marked deprecated here
C/C++:    31 |   [[deprecated]] explicit RawPropsParser(bool /* ignored */) : RawPropsParser() {}
C/C++:       |     ^
C/C++: 1 warning generated.

> Task :react-native-nitro-modules:mergeReleaseJniLibFolders UP-TO-DATE
> Task :react-native-nitro-modules:mergeReleaseNativeLibs UP-TO-DATE
> Task :react-native-nitro-modules:copyReleaseJniLibsProjectOnly UP-TO-DATE
> Task :react-native-nitro-image:externalNativeBuildRelease
> Task :react-native-nitro-image:generateJsonModelRelease
> Task :react-native-nitro-image:prefabReleaseConfigurePackage
> Task :react-native-reanimated:preReleaseBuild
> Task :react-native-worklets:preReleaseBuild
> Task :react-native-worklets:configureCMakeRelWithDebInfo[arm64-v8a]

> Task :react-native-worklets:buildCMakeRelWithDebInfo[arm64-v8a][worklets]
C/C++: Hard link from 'C:\Users\godfr\.gradle\caches\8.13\transforms\92d2409485f18733f71ab40347233399\transformed\react-android-0.86.0-release\prefab\modules\reactnative\libs\android.arm64-v8a\libreactnative.so' to 'O:\PROJECTS\CONNIFY-APP\Connify\node_modules\react-native-worklets\android\build\intermediates\cxx\RelWithDebInfo\1k393r2f\obj\arm64-v8a\libreactnative.so' failed. Doing a slower copy instead.
C/C++: Hard link from 'C:\Users\godfr\.gradle\caches\8.13\transforms\92d2409485f18733f71ab40347233399\transformed\react-android-0.86.0-release\prefab\modules\reactnative\libs\android.arm64-v8a\libreactnative.so' to 'O:\PROJECTS\CONNIFY-APP\Connify\node_modules\react-native-worklets\android\build\intermediates\cxx\RelWithDebInfo\1k393r2f\obj\arm64-v8a\libreactnative.so' failed. Doing a slower copy instead.

> Task :react-native-worklets:configureCMakeRelWithDebInfo[armeabi-v7a]

> Task :react-native-worklets:buildCMakeRelWithDebInfo[armeabi-v7a][worklets]
C/C++: Hard link from 'C:\Users\godfr\.gradle\caches\8.13\transforms\92d2409485f18733f71ab40347233399\transformed\react-android-0.86.0-release\prefab\modules\reactnative\libs\android.armeabi-v7a\libreactnative.so' to 'O:\PROJECTS\CONNIFY-APP\Connify\node_modules\react-native-worklets\android\build\intermediates\cxx\RelWithDebInfo\1k393r2f\obj\armeabi-v7a\libreactnative.so' failed. Doing a slower copy instead.
C/C++: Hard link from 'C:\Users\godfr\.gradle\caches\8.13\transforms\92d2409485f18733f71ab40347233399\transformed\react-android-0.86.0-release\prefab\modules\reactnative\libs\android.armeabi-v7a\libreactnative.so' to 'O:\PROJECTS\CONNIFY-APP\Connify\node_modules\react-native-worklets\android\build\intermediates\cxx\RelWithDebInfo\1k393r2f\obj\armeabi-v7a\libreactnative.so' failed. Doing a slower copy instead.

> Task :react-native-worklets:configureCMakeRelWithDebInfo[x86]

> Task :react-native-worklets:buildCMakeRelWithDebInfo[x86][worklets]
C/C++: Hard link from 'C:\Users\godfr\.gradle\caches\8.13\transforms\92d2409485f18733f71ab40347233399\transformed\react-android-0.86.0-release\prefab\modules\reactnative\libs\android.x86\libreactnative.so' to 'O:\PROJECTS\CONNIFY-APP\Connify\node_modules\react-native-worklets\android\build\intermediates\cxx\RelWithDebInfo\1k393r2f\obj\x86\libreactnative.so' failed. Doing a slower copy instead.
C/C++: Hard link from 'C:\Users\godfr\.gradle\caches\8.13\transforms\92d2409485f18733f71ab40347233399\transformed\react-android-0.86.0-release\prefab\modules\reactnative\libs\android.x86\libreactnative.so' to 'O:\PROJECTS\CONNIFY-APP\Connify\node_modules\react-native-worklets\android\build\intermediates\cxx\RelWithDebInfo\1k393r2f\obj\x86\libreactnative.so' failed. Doing a slower copy instead.

> Task :react-native-worklets:configureCMakeRelWithDebInfo[x86_64]

> Task :react-native-worklets:buildCMakeRelWithDebInfo[x86_64][worklets]
C/C++: Hard link from 'C:\Users\godfr\.gradle\caches\8.13\transforms\92d2409485f18733f71ab40347233399\transformed\react-android-0.86.0-release\prefab\modules\reactnative\libs\android.x86_64\libreactnative.so' to 'O:\PROJECTS\CONNIFY-APP\Connify\node_modules\react-native-worklets\android\build\intermediates\cxx\RelWithDebInfo\1k393r2f\obj\x86_64\libreactnative.so' failed. Doing a slower copy instead.
C/C++: Hard link from 'C:\Users\godfr\.gradle\caches\8.13\transforms\92d2409485f18733f71ab40347233399\transformed\react-android-0.86.0-release\prefab\modules\reactnative\libs\android.x86_64\libreactnative.so' to 'O:\PROJECTS\CONNIFY-APP\Connify\node_modules\react-native-worklets\android\build\intermediates\cxx\RelWithDebInfo\1k393r2f\obj\x86_64\libreactnative.so' failed. Doing a slower copy instead.

> Task :react-native-worklets:externalNativeBuildRelease
> Task :react-native-worklets:generateJsonModelRelease
> Task :react-native-worklets:prefabReleaseConfigurePackage
> Task :react-native-reanimated:configureCMakeRelWithDebInfo[arm64-v8a]
> Task :react-native-reanimated:configureCMakeRelWithDebInfo[armeabi-v7a]
> Task :react-native-reanimated:configureCMakeRelWithDebInfo[x86]
> Task :react-native-reanimated:configureCMakeRelWithDebInfo[x86_64]
> Task :react-native-reanimated:generateJsonModelRelease
> Task :react-native-reanimated:prefabReleaseConfigurePackage UP-TO-DATE
> Task :react-native-nitro-image:mergeReleaseJniLibFolders UP-TO-DATE
> Task :react-native-nitro-image:mergeReleaseNativeLibs UP-TO-DATE
> Task :react-native-nitro-image:copyReleaseJniLibsProjectOnly UP-TO-DATE
> Task :react-native-nitro-image:prefabReleasePackage UP-TO-DATE
> Task :react-native-vision-camera:preReleaseBuild
> Task :react-native-vision-camera:configureCMakeRelWithDebInfo[arm64-v8a]
> Task :react-native-vision-camera:buildCMakeRelWithDebInfo[arm64-v8a]
C/C++: ninja: Entering directory `O:\PROJECTS\CONNIFY-APP\Connify\node_modules\react-native-vision-camera\android\.cxx\RelWithDebInfo\286m6r83\arm64-v8a'
C/C++: O:/PROJECTS/CONNIFY-APP/Connify/node_modules/react-native-vision-camera/nitrogen/generated/shared/c++/HybridTapToFocusGestureControllerSpec.cpp:17:41: warning: unused parameter 'prototype' [-Wunused-parameter]
C/C++:    17 |     registerHybrids(this, [](Prototype& prototype) {
C/C++:       |                                         ^
C/C++: 1 warning generated.
C/C++: O:/PROJECTS/CONNIFY-APP/Connify/node_modules/react-native-vision-camera/nitrogen/generated/shared/c++/HybridZoomGestureControllerSpec.cpp:17:41: warning: unused parameter 'prototype' [-Wunused-parameter]
C/C++:    17 |     registerHybrids(this, [](Prototype& prototype) {
C/C++:       |                                         ^
C/C++: 1 warning generated.
C/C++: O:/PROJECTS/CONNIFY-APP/Connify/node_modules/react-native-vision-camera/nitrogen/generated/shared/c++/HybridCameraPreviewOutputSpec.cpp:17:41: warning: unused parameter 'prototype' [-Wunused-parameter]
C/C++:    17 |     registerHybrids(this, [](Prototype& prototype) {
C/C++:       |                                         ^
C/C++: 1 warning generated.

> Task :react-native-vision-camera:configureCMakeRelWithDebInfo[armeabi-v7a]
> Task :react-native-vision-camera:buildCMakeRelWithDebInfo[armeabi-v7a]
C/C++: ninja: Entering directory `O:\PROJECTS\CONNIFY-APP\Connify\node_modules\react-native-vision-camera\android\.cxx\RelWithDebInfo\286m6r83\armeabi-v7a'
C/C++: O:/PROJECTS/CONNIFY-APP/Connify/node_modules/react-native-vision-camera/nitrogen/generated/shared/c++/HybridCameraPreviewOutputSpec.cpp:17:41: warning: unused parameter 'prototype' [-Wunused-parameter]
C/C++:    17 |     registerHybrids(this, [](Prototype& prototype) {
C/C++:       |                                         ^
C/C++: 1 warning generated.
C/C++: O:/PROJECTS/CONNIFY-APP/Connify/node_modules/react-native-vision-camera/nitrogen/generated/shared/c++/HybridZoomGestureControllerSpec.cpp:17:41: warning: unused parameter 'prototype' [-Wunused-parameter]
C/C++:    17 |     registerHybrids(this, [](Prototype& prototype) {
C/C++:       |                                         ^
C/C++: 1 warning generated.
C/C++: O:/PROJECTS/CONNIFY-APP/Connify/node_modules/react-native-vision-camera/nitrogen/generated/shared/c++/HybridTapToFocusGestureControllerSpec.cpp:17:41: warning: unused parameter 'prototype' [-Wunused-parameter]
C/C++:    17 |     registerHybrids(this, [](Prototype& prototype) {
C/C++:       |                                         ^
C/C++: 1 warning generated.

> Task :react-native-vision-camera:configureCMakeRelWithDebInfo[x86]
> Task :react-native-vision-camera:buildCMakeRelWithDebInfo[x86]
C/C++: ninja: Entering directory `O:\PROJECTS\CONNIFY-APP\Connify\node_modules\react-native-vision-camera\android\.cxx\RelWithDebInfo\286m6r83\x86'
C/C++: O:/PROJECTS/CONNIFY-APP/Connify/node_modules/react-native-vision-camera/nitrogen/generated/shared/c++/HybridCameraPreviewOutputSpec.cpp:17:41: warning: unused parameter 'prototype' [-Wunused-parameter]
C/C++:    17 |     registerHybrids(this, [](Prototype& prototype) {
C/C++:       |                                         ^
C/C++: 1 warning generated.
C/C++: O:/PROJECTS/CONNIFY-APP/Connify/node_modules/react-native-vision-camera/nitrogen/generated/shared/c++/HybridZoomGestureControllerSpec.cpp:17:41: warning: unused parameter 'prototype' [-Wunused-parameter]
C/C++:    17 |     registerHybrids(this, [](Prototype& prototype) {
C/C++:       |                                         ^
C/C++: 1 warning generated.
C/C++: O:/PROJECTS/CONNIFY-APP/Connify/node_modules/react-native-vision-camera/nitrogen/generated/shared/c++/HybridTapToFocusGestureControllerSpec.cpp:17:41: warning: unused parameter 'prototype' [-Wunused-parameter]
C/C++:    17 |     registerHybrids(this, [](Prototype& prototype) {
C/C++:       |                                         ^
C/C++: 1 warning generated.

> Task :react-native-vision-camera:configureCMakeRelWithDebInfo[x86_64]
> Task :react-native-vision-camera:buildCMakeRelWithDebInfo[x86_64]
C/C++: ninja: Entering directory `O:\PROJECTS\CONNIFY-APP\Connify\node_modules\react-native-vision-camera\android\.cxx\RelWithDebInfo\286m6r83\x86_64'
C/C++: O:/PROJECTS/CONNIFY-APP/Connify/node_modules/react-native-vision-camera/nitrogen/generated/shared/c++/HybridZoomGestureControllerSpec.cpp:17:41: warning: unused parameter 'prototype' [-Wunused-parameter]
C/C++:    17 |     registerHybrids(this, [](Prototype& prototype) {
C/C++:       |                                         ^
C/C++: 1 warning generated.
C/C++: O:/PROJECTS/CONNIFY-APP/Connify/node_modules/react-native-vision-camera/nitrogen/generated/shared/c++/HybridTapToFocusGestureControllerSpec.cpp:17:41: warning: unused parameter 'prototype' [-Wunused-parameter]
C/C++:    17 |     registerHybrids(this, [](Prototype& prototype) {
C/C++:       |                                         ^
C/C++: 1 warning generated.
C/C++: O:/PROJECTS/CONNIFY-APP/Connify/node_modules/react-native-vision-camera/nitrogen/generated/shared/c++/HybridCameraPreviewOutputSpec.cpp:17:41: warning: unused parameter 'prototype' [-Wunused-parameter]
C/C++:    17 |     registerHybrids(this, [](Prototype& prototype) {
C/C++:       |                                         ^
C/C++: 1 warning generated.

> Task :react-native-vision-camera:externalNativeBuildRelease
> Task :react-native-vision-camera:generateJsonModelRelease
> Task :react-native-vision-camera:prefabReleaseConfigurePackage
> Task :app:configureCMakeRelWithDebInfo[arm64-v8a]
> Task :react-native-worklets:prefabReleasePackage UP-TO-DATE

> Task :react-native-reanimated:buildCMakeRelWithDebInfo[arm64-v8a][reanimated]
C/C++: Hard link from 'C:\Users\godfr\.gradle\caches\8.13\transforms\92d2409485f18733f71ab40347233399\transformed\react-android-0.86.0-release\prefab\modules\reactnative\libs\android.arm64-v8a\libreactnative.so' to 'O:\PROJECTS\CONNIFY-APP\Connify\node_modules\react-native-reanimated\android\build\intermediates\cxx\RelWithDebInfo\133f1u13\obj\arm64-v8a\libreactnative.so' failed. Doing a slower copy instead.
C/C++: Hard link from 'C:\Users\godfr\.gradle\caches\8.13\transforms\92d2409485f18733f71ab40347233399\transformed\react-android-0.86.0-release\prefab\modules\reactnative\libs\android.arm64-v8a\libreactnative.so' to 'O:\PROJECTS\CONNIFY-APP\Connify\node_modules\react-native-reanimated\android\build\intermediates\cxx\RelWithDebInfo\133f1u13\obj\arm64-v8a\libreactnative.so' failed. Doing a slower copy instead.

> Task :react-native-reanimated:buildCMakeRelWithDebInfo[armeabi-v7a][reanimated]
C/C++: Hard link from 'C:\Users\godfr\.gradle\caches\8.13\transforms\92d2409485f18733f71ab40347233399\transformed\react-android-0.86.0-release\prefab\modules\reactnative\libs\android.armeabi-v7a\libreactnative.so' to 'O:\PROJECTS\CONNIFY-APP\Connify\node_modules\react-native-reanimated\android\build\intermediates\cxx\RelWithDebInfo\133f1u13\obj\armeabi-v7a\libreactnative.so' failed. Doing a slower copy instead.
C/C++: Hard link from 'C:\Users\godfr\.gradle\caches\8.13\transforms\92d2409485f18733f71ab40347233399\transformed\react-android-0.86.0-release\prefab\modules\reactnative\libs\android.armeabi-v7a\libreactnative.so' to 'O:\PROJECTS\CONNIFY-APP\Connify\node_modules\react-native-reanimated\android\build\intermediates\cxx\RelWithDebInfo\133f1u13\obj\armeabi-v7a\libreactnative.so' failed. Doing a slower copy instead.

> Task :react-native-reanimated:buildCMakeRelWithDebInfo[x86][reanimated]
C/C++: Hard link from 'C:\Users\godfr\.gradle\caches\8.13\transforms\92d2409485f18733f71ab40347233399\transformed\react-android-0.86.0-release\prefab\modules\reactnative\libs\android.x86\libreactnative.so' to 'O:\PROJECTS\CONNIFY-APP\Connify\node_modules\react-native-reanimated\android\build\intermediates\cxx\RelWithDebInfo\133f1u13\obj\x86\libreactnative.so' failed. Doing a slower copy instead.
C/C++: Hard link from 'C:\Users\godfr\.gradle\caches\8.13\transforms\92d2409485f18733f71ab40347233399\transformed\react-android-0.86.0-release\prefab\modules\reactnative\libs\android.x86\libreactnative.so' to 'O:\PROJECTS\CONNIFY-APP\Connify\node_modules\react-native-reanimated\android\build\intermediates\cxx\RelWithDebInfo\133f1u13\obj\x86\libreactnative.so' failed. Doing a slower copy instead.

> Task :react-native-reanimated:buildCMakeRelWithDebInfo[x86_64][reanimated]
C/C++: Hard link from 'C:\Users\godfr\.gradle\caches\8.13\transforms\92d2409485f18733f71ab40347233399\transformed\react-android-0.86.0-release\prefab\modules\reactnative\libs\android.x86_64\libreactnative.so' to 'O:\PROJECTS\CONNIFY-APP\Connify\node_modules\react-native-reanimated\android\build\intermediates\cxx\RelWithDebInfo\133f1u13\obj\x86_64\libreactnative.so' failed. Doing a slower copy instead.
C/C++: Hard link from 'C:\Users\godfr\.gradle\caches\8.13\transforms\92d2409485f18733f71ab40347233399\transformed\react-android-0.86.0-release\prefab\modules\reactnative\libs\android.x86_64\libreactnative.so' to 'O:\PROJECTS\CONNIFY-APP\Connify\node_modules\react-native-reanimated\android\build\intermediates\cxx\RelWithDebInfo\133f1u13\obj\x86_64\libreactnative.so' failed. Doing a slower copy instead.

> Task :react-native-worklets:mergeReleaseJniLibFolders UP-TO-DATE
> Task :react-native-worklets:mergeReleaseNativeLibs UP-TO-DATE
> Task :react-native-worklets:copyReleaseJniLibsProjectOnly UP-TO-DATE
> Task :react-native-reanimated:externalNativeBuildRelease
> Task :react-native-reanimated:prefabReleasePackage UP-TO-DATE
> Task :react-native-vision-camera:prefabReleasePackage UP-TO-DATE

> Task :app:buildCMakeRelWithDebInfo[arm64-v8a]
C/C++: Hard link from 'C:\Users\godfr\.gradle\caches\8.13\transforms\92d2409485f18733f71ab40347233399\transformed\react-android-0.86.0-release\prefab\modules\reactnative\libs\android.arm64-v8a\libreactnative.so' to 'O:\PROJECTS\CONNIFY-APP\Connify\android\app\build\intermediates\cxx\RelWithDebInfo\2v1b1c39\obj\arm64-v8a\libreactnative.so' failed. Doing a slower copy instead.
C/C++: Hard link from 'C:\Users\godfr\.gradle\caches\8.13\transforms\92d2409485f18733f71ab40347233399\transformed\react-android-0.86.0-release\prefab\modules\reactnative\libs\android.arm64-v8a\libreactnative.so' to 'O:\PROJECTS\CONNIFY-APP\Connify\android\app\build\intermediates\cxx\RelWithDebInfo\2v1b1c39\obj\arm64-v8a\libreactnative.so' failed. Doing a slower copy instead.

> Task :app:configureCMakeRelWithDebInfo[armeabi-v7a]

> Task :app:buildCMakeRelWithDebInfo[armeabi-v7a]
C/C++: Hard link from 'C:\Users\godfr\.gradle\caches\8.13\transforms\92d2409485f18733f71ab40347233399\transformed\react-android-0.86.0-release\prefab\modules\reactnative\libs\android.armeabi-v7a\libreactnative.so' to 'O:\PROJECTS\CONNIFY-APP\Connify\android\app\build\intermediates\cxx\RelWithDebInfo\2v1b1c39\obj\armeabi-v7a\libreactnative.so' failed. Doing a slower copy instead.
C/C++: Hard link from 'C:\Users\godfr\.gradle\caches\8.13\transforms\92d2409485f18733f71ab40347233399\transformed\react-android-0.86.0-release\prefab\modules\reactnative\libs\android.armeabi-v7a\libreactnative.so' to 'O:\PROJECTS\CONNIFY-APP\Connify\android\app\build\intermediates\cxx\RelWithDebInfo\2v1b1c39\obj\armeabi-v7a\libreactnative.so' failed. Doing a slower copy instead.

> Task :app:configureCMakeRelWithDebInfo[x86]

> Task :app:buildCMakeRelWithDebInfo[x86]
C/C++: Hard link from 'C:\Users\godfr\.gradle\caches\8.13\transforms\92d2409485f18733f71ab40347233399\transformed\react-android-0.86.0-release\prefab\modules\reactnative\libs\android.x86\libreactnative.so' to 'O:\PROJECTS\CONNIFY-APP\Connify\android\app\build\intermediates\cxx\RelWithDebInfo\2v1b1c39\obj\x86\libreactnative.so' failed. Doing a slower copy instead.
C/C++: Hard link from 'C:\Users\godfr\.gradle\caches\8.13\transforms\92d2409485f18733f71ab40347233399\transformed\react-android-0.86.0-release\prefab\modules\reactnative\libs\android.x86\libreactnative.so' to 'O:\PROJECTS\CONNIFY-APP\Connify\android\app\build\intermediates\cxx\RelWithDebInfo\2v1b1c39\obj\x86\libreactnative.so' failed. Doing a slower copy instead.

> Task :app:configureCMakeRelWithDebInfo[x86_64]

> Task :app:buildCMakeRelWithDebInfo[x86_64]
C/C++: Hard link from 'C:\Users\godfr\.gradle\caches\8.13\transforms\92d2409485f18733f71ab40347233399\transformed\react-android-0.86.0-release\prefab\modules\reactnative\libs\android.x86_64\libreactnative.so' to 'O:\PROJECTS\CONNIFY-APP\Connify\android\app\build\intermediates\cxx\RelWithDebInfo\2v1b1c39\obj\x86_64\libreactnative.so' failed. Doing a slower copy instead.
C/C++: Hard link from 'C:\Users\godfr\.gradle\caches\8.13\transforms\92d2409485f18733f71ab40347233399\transformed\react-android-0.86.0-release\prefab\modules\reactnative\libs\android.x86_64\libreactnative.so' to 'O:\PROJECTS\CONNIFY-APP\Connify\android\app\build\intermediates\cxx\RelWithDebInfo\2v1b1c39\obj\x86_64\libreactnative.so' failed. Doing a slower copy instead.

> Task :app:mergeReleaseJniLibFolders UP-TO-DATE
> Task :lottie-react-native:preReleaseBuild UP-TO-DATE
> Task :lottie-react-native:mergeReleaseJniLibFolders UP-TO-DATE
> Task :lottie-react-native:mergeReleaseNativeLibs NO-SOURCE
> Task :lottie-react-native:copyReleaseJniLibsProjectOnly UP-TO-DATE
> Task :react-native-async-storage_async-storage:preReleaseBuild UP-TO-DATE
> Task :react-native-async-storage_async-storage:mergeReleaseJniLibFolders UP-TO-DATE
> Task :react-native-async-storage_async-storage:mergeReleaseNativeLibs NO-SOURCE
> Task :react-native-async-storage_async-storage:copyReleaseJniLibsProjectOnly UP-TO-DATE
> Task :react-native-bootsplash:preReleaseBuild UP-TO-DATE
> Task :react-native-bootsplash:mergeReleaseJniLibFolders UP-TO-DATE
> Task :react-native-bootsplash:mergeReleaseNativeLibs NO-SOURCE
> Task :react-native-bootsplash:copyReleaseJniLibsProjectOnly UP-TO-DATE
> Task :react-native-community_netinfo:preReleaseBuild UP-TO-DATE
> Task :react-native-community_netinfo:mergeReleaseJniLibFolders UP-TO-DATE
> Task :react-native-community_netinfo:mergeReleaseNativeLibs NO-SOURCE
> Task :react-native-community_netinfo:copyReleaseJniLibsProjectOnly UP-TO-DATE
> Task :react-native-device-info:preReleaseBuild UP-TO-DATE
> Task :react-native-device-info:mergeReleaseJniLibFolders UP-TO-DATE
> Task :react-native-device-info:mergeReleaseNativeLibs NO-SOURCE
> Task :react-native-device-info:copyReleaseJniLibsProjectOnly UP-TO-DATE
> Task :react-native-firebase_app:preReleaseBuild UP-TO-DATE
> Task :react-native-firebase_app:mergeReleaseJniLibFolders UP-TO-DATE
> Task :react-native-firebase_app:mergeReleaseNativeLibs NO-SOURCE
> Task :react-native-firebase_app:copyReleaseJniLibsProjectOnly UP-TO-DATE
> Task :react-native-firebase_auth:preReleaseBuild UP-TO-DATE
> Task :react-native-firebase_auth:mergeReleaseJniLibFolders UP-TO-DATE
> Task :react-native-firebase_auth:mergeReleaseNativeLibs NO-SOURCE
> Task :react-native-firebase_auth:copyReleaseJniLibsProjectOnly UP-TO-DATE
> Task :react-native-geolocation-service:preReleaseBuild UP-TO-DATE
> Task :react-native-geolocation-service:mergeReleaseJniLibFolders UP-TO-DATE
> Task :react-native-geolocation-service:mergeReleaseNativeLibs NO-SOURCE
> Task :react-native-geolocation-service:copyReleaseJniLibsProjectOnly UP-TO-DATE
> Task :react-native-gesture-handler:preReleaseBuild UP-TO-DATE
> Task :react-native-gesture-handler:configureCMakeRelWithDebInfo[arm64-v8a]
> Task :react-native-gesture-handler:buildCMakeRelWithDebInfo[arm64-v8a]
> Task :react-native-gesture-handler:configureCMakeRelWithDebInfo[armeabi-v7a]
> Task :react-native-gesture-handler:buildCMakeRelWithDebInfo[armeabi-v7a]
> Task :react-native-gesture-handler:configureCMakeRelWithDebInfo[x86]
> Task :react-native-gesture-handler:buildCMakeRelWithDebInfo[x86]
> Task :react-native-gesture-handler:configureCMakeRelWithDebInfo[x86_64]
> Task :react-native-gesture-handler:buildCMakeRelWithDebInfo[x86_64]
> Task :react-native-gesture-handler:mergeReleaseJniLibFolders UP-TO-DATE
> Task :react-native-gesture-handler:mergeReleaseNativeLibs UP-TO-DATE
> Task :react-native-gesture-handler:copyReleaseJniLibsProjectOnly UP-TO-DATE
> Task :react-native-get-random-values:preReleaseBuild UP-TO-DATE
> Task :react-native-get-random-values:mergeReleaseJniLibFolders UP-TO-DATE
> Task :react-native-get-random-values:mergeReleaseNativeLibs NO-SOURCE
> Task :react-native-get-random-values:copyReleaseJniLibsProjectOnly UP-TO-DATE
> Task :react-native-google-signin_google-signin:preReleaseBuild UP-TO-DATE
> Task :react-native-google-signin_google-signin:mergeReleaseJniLibFolders UP-TO-DATE
> Task :react-native-google-signin_google-signin:mergeReleaseNativeLibs NO-SOURCE
> Task :react-native-google-signin_google-signin:copyReleaseJniLibsProjectOnly UP-TO-DATE
> Task :react-native-image-picker:preReleaseBuild UP-TO-DATE
> Task :react-native-image-picker:mergeReleaseJniLibFolders UP-TO-DATE
> Task :react-native-image-picker:mergeReleaseNativeLibs NO-SOURCE
> Task :react-native-image-picker:copyReleaseJniLibsProjectOnly UP-TO-DATE
> Task :react-native-keychain:preReleaseBuild UP-TO-DATE
> Task :react-native-keychain:mergeReleaseJniLibFolders UP-TO-DATE
> Task :react-native-keychain:mergeReleaseNativeLibs NO-SOURCE
> Task :react-native-keychain:copyReleaseJniLibsProjectOnly UP-TO-DATE
> Task :react-native-localize:preReleaseBuild UP-TO-DATE
> Task :react-native-localize:mergeReleaseJniLibFolders UP-TO-DATE
> Task :react-native-localize:mergeReleaseNativeLibs NO-SOURCE
> Task :react-native-localize:copyReleaseJniLibsProjectOnly UP-TO-DATE
> Task :react-native-ml-kit_barcode-scanning:preReleaseBuild UP-TO-DATE
> Task :react-native-ml-kit_barcode-scanning:mergeReleaseJniLibFolders UP-TO-DATE
> Task :react-native-ml-kit_barcode-scanning:mergeReleaseNativeLibs NO-SOURCE
> Task :react-native-ml-kit_barcode-scanning:copyReleaseJniLibsProjectOnly UP-TO-DATE
> Task :react-native-permissions:preReleaseBuild UP-TO-DATE
> Task :react-native-permissions:mergeReleaseJniLibFolders UP-TO-DATE
> Task :react-native-permissions:mergeReleaseNativeLibs NO-SOURCE
> Task :react-native-permissions:copyReleaseJniLibsProjectOnly UP-TO-DATE
> Task :react-native-reanimated:mergeReleaseJniLibFolders UP-TO-DATE
> Task :react-native-reanimated:mergeReleaseNativeLibs UP-TO-DATE
> Task :react-native-reanimated:copyReleaseJniLibsProjectOnly UP-TO-DATE
> Task :react-native-safe-area-context:preReleaseBuild UP-TO-DATE
> Task :react-native-safe-area-context:mergeReleaseJniLibFolders UP-TO-DATE
> Task :react-native-safe-area-context:mergeReleaseNativeLibs NO-SOURCE
> Task :react-native-safe-area-context:copyReleaseJniLibsProjectOnly UP-TO-DATE
> Task :react-native-screens:preReleaseBuild UP-TO-DATE
> Task :react-native-screens:configureCMakeRelWithDebInfo[arm64-v8a]
> Task :react-native-screens:buildCMakeRelWithDebInfo[arm64-v8a]
> Task :react-native-screens:configureCMakeRelWithDebInfo[armeabi-v7a]
> Task :react-native-screens:buildCMakeRelWithDebInfo[armeabi-v7a]
> Task :react-native-screens:configureCMakeRelWithDebInfo[x86]
> Task :react-native-screens:buildCMakeRelWithDebInfo[x86]
> Task :react-native-screens:configureCMakeRelWithDebInfo[x86_64]
> Task :react-native-screens:buildCMakeRelWithDebInfo[x86_64]
> Task :react-native-screens:mergeReleaseJniLibFolders UP-TO-DATE
> Task :react-native-screens:mergeReleaseNativeLibs UP-TO-DATE
> Task :react-native-screens:copyReleaseJniLibsProjectOnly UP-TO-DATE
> Task :react-native-svg:preReleaseBuild UP-TO-DATE
> Task :react-native-svg:mergeReleaseJniLibFolders UP-TO-DATE
> Task :react-native-svg:mergeReleaseNativeLibs NO-SOURCE
> Task :react-native-svg:copyReleaseJniLibsProjectOnly UP-TO-DATE
> Task :react-native-vector-icons:preReleaseBuild UP-TO-DATE
> Task :react-native-vector-icons:mergeReleaseJniLibFolders UP-TO-DATE
> Task :react-native-vector-icons:mergeReleaseNativeLibs NO-SOURCE
> Task :react-native-vector-icons:copyReleaseJniLibsProjectOnly UP-TO-DATE
> Task :react-native-vision-camera:mergeReleaseJniLibFolders UP-TO-DATE
> Task :react-native-vision-camera:mergeReleaseNativeLibs UP-TO-DATE
> Task :react-native-vision-camera:copyReleaseJniLibsProjectOnly UP-TO-DATE
> Task :app:mergeReleaseNativeLibs UP-TO-DATE
> Task :app:stripReleaseDebugSymbols UP-TO-DATE
> Task :app:extractReleaseNativeSymbolTables UP-TO-DATE
> Task :app:mergeReleaseNativeDebugMetadata UP-TO-DATE
> Task :react-native-google-signin_google-signin:checkKotlinGradlePluginConfigurationErrors SKIPPED
> Task :react-native-google-signin_google-signin:generateReleaseBuildConfig UP-TO-DATE
> Task :react-native-google-signin_google-signin:generateReleaseResValues UP-TO-DATE
> Task :react-native-google-signin_google-signin:generateReleaseResources UP-TO-DATE
> Task :react-native-google-signin_google-signin:packageReleaseResources UP-TO-DATE
> Task :react-native-google-signin_google-signin:parseReleaseLocalResources UP-TO-DATE
> Task :react-native-google-signin_google-signin:generateReleaseRFile UP-TO-DATE
> Task :react-native-google-signin_google-signin:compileReleaseKotlin UP-TO-DATE
> Task :react-native-google-signin_google-signin:javaPreCompileRelease UP-TO-DATE
> Task :react-native-google-signin_google-signin:compileReleaseJavaWithJavac UP-TO-DATE
> Task :react-native-google-signin_google-signin:bundleLibRuntimeToDirRelease UP-TO-DATE
> Task :lottie-react-native:checkKotlinGradlePluginConfigurationErrors SKIPPED
> Task :lottie-react-native:generateReleaseBuildConfig UP-TO-DATE
> Task :lottie-react-native:generateReleaseResValues UP-TO-DATE
> Task :lottie-react-native:generateReleaseResources UP-TO-DATE
> Task :lottie-react-native:packageReleaseResources UP-TO-DATE
> Task :lottie-react-native:parseReleaseLocalResources UP-TO-DATE
> Task :lottie-react-native:generateReleaseRFile UP-TO-DATE
> Task :lottie-react-native:compileReleaseKotlin UP-TO-DATE
> Task :lottie-react-native:javaPreCompileRelease UP-TO-DATE
> Task :lottie-react-native:compileReleaseJavaWithJavac UP-TO-DATE
> Task :lottie-react-native:bundleLibRuntimeToDirRelease UP-TO-DATE
> Task :react-native-bootsplash:checkKotlinGradlePluginConfigurationErrors SKIPPED
> Task :react-native-bootsplash:generateReleaseBuildConfig UP-TO-DATE
> Task :react-native-bootsplash:generateReleaseResValues UP-TO-DATE
> Task :react-native-bootsplash:generateReleaseResources UP-TO-DATE
> Task :react-native-bootsplash:packageReleaseResources UP-TO-DATE
> Task :react-native-bootsplash:parseReleaseLocalResources UP-TO-DATE
> Task :react-native-bootsplash:generateReleaseRFile UP-TO-DATE
> Task :react-native-bootsplash:compileReleaseKotlin UP-TO-DATE
> Task :react-native-bootsplash:javaPreCompileRelease UP-TO-DATE
> Task :react-native-bootsplash:compileReleaseJavaWithJavac UP-TO-DATE
> Task :react-native-bootsplash:bundleLibRuntimeToDirRelease UP-TO-DATE
> Task :react-native-gesture-handler:checkKotlinGradlePluginConfigurationErrors SKIPPED
> Task :react-native-gesture-handler:generateReleaseBuildConfig UP-TO-DATE
> Task :react-native-gesture-handler:generateReleaseResValues UP-TO-DATE
> Task :react-native-gesture-handler:generateReleaseResources UP-TO-DATE
> Task :react-native-gesture-handler:packageReleaseResources UP-TO-DATE
> Task :react-native-gesture-handler:parseReleaseLocalResources UP-TO-DATE
> Task :react-native-gesture-handler:generateReleaseRFile UP-TO-DATE
> Task :react-native-reanimated:checkKotlinGradlePluginConfigurationErrors SKIPPED
> Task :react-native-reanimated:generateReleaseBuildConfig UP-TO-DATE
> Task :react-native-reanimated:generateReleaseResValues UP-TO-DATE
> Task :react-native-reanimated:generateReleaseResources UP-TO-DATE
> Task :react-native-reanimated:packageReleaseResources UP-TO-DATE
> Task :react-native-reanimated:parseReleaseLocalResources UP-TO-DATE
> Task :react-native-reanimated:generateReleaseRFile UP-TO-DATE
> Task :react-native-worklets:checkKotlinGradlePluginConfigurationErrors SKIPPED
> Task :react-native-worklets:generateReleaseBuildConfig UP-TO-DATE
> Task :react-native-worklets:generateReleaseResValues UP-TO-DATE
> Task :react-native-worklets:generateReleaseResources UP-TO-DATE
> Task :react-native-worklets:packageReleaseResources UP-TO-DATE
> Task :react-native-worklets:parseReleaseLocalResources UP-TO-DATE
> Task :react-native-worklets:generateReleaseRFile UP-TO-DATE
> Task :react-native-worklets:compileReleaseKotlin UP-TO-DATE
> Task :react-native-worklets:javaPreCompileRelease UP-TO-DATE
> Task :react-native-worklets:compileReleaseJavaWithJavac UP-TO-DATE
> Task :react-native-worklets:bundleLibCompileToJarRelease UP-TO-DATE
> Task :react-native-reanimated:compileReleaseKotlin UP-TO-DATE
> Task :react-native-reanimated:javaPreCompileRelease UP-TO-DATE
> Task :react-native-reanimated:compileReleaseJavaWithJavac UP-TO-DATE
> Task :react-native-reanimated:bundleLibCompileToJarRelease UP-TO-DATE
> Task :react-native-svg:generateReleaseBuildConfig UP-TO-DATE
> Task :react-native-svg:generateReleaseResValues UP-TO-DATE
> Task :react-native-svg:generateReleaseResources UP-TO-DATE
> Task :react-native-svg:packageReleaseResources UP-TO-DATE
> Task :react-native-svg:parseReleaseLocalResources UP-TO-DATE
> Task :react-native-svg:generateReleaseRFile UP-TO-DATE
> Task :react-native-svg:javaPreCompileRelease UP-TO-DATE
> Task :react-native-svg:compileReleaseJavaWithJavac UP-TO-DATE
> Task :react-native-svg:bundleLibCompileToJarRelease UP-TO-DATE
> Task :react-native-gesture-handler:compileReleaseKotlin UP-TO-DATE
> Task :react-native-gesture-handler:javaPreCompileRelease UP-TO-DATE
> Task :react-native-gesture-handler:compileReleaseJavaWithJavac UP-TO-DATE
> Task :react-native-gesture-handler:bundleLibRuntimeToDirRelease UP-TO-DATE
> Task :react-native-keychain:checkKotlinGradlePluginConfigurationErrors SKIPPED
> Task :react-native-keychain:generateReleaseBuildConfig UP-TO-DATE
> Task :react-native-keychain:generateReleaseResValues UP-TO-DATE
> Task :react-native-keychain:generateReleaseResources UP-TO-DATE
> Task :react-native-keychain:packageReleaseResources UP-TO-DATE
> Task :react-native-keychain:parseReleaseLocalResources UP-TO-DATE
> Task :react-native-keychain:generateReleaseRFile UP-TO-DATE
> Task :react-native-keychain:compileReleaseKotlin UP-TO-DATE
> Task :react-native-keychain:javaPreCompileRelease UP-TO-DATE
> Task :react-native-keychain:compileReleaseJavaWithJavac UP-TO-DATE
> Task :react-native-keychain:bundleLibRuntimeToDirRelease UP-TO-DATE
> Task :react-native-localize:checkKotlinGradlePluginConfigurationErrors SKIPPED
> Task :react-native-localize:generateReleaseBuildConfig UP-TO-DATE
> Task :react-native-localize:generateReleaseResValues UP-TO-DATE
> Task :react-native-localize:generateReleaseResources UP-TO-DATE
> Task :react-native-localize:packageReleaseResources UP-TO-DATE
> Task :react-native-localize:parseReleaseLocalResources UP-TO-DATE
> Task :react-native-localize:generateReleaseRFile UP-TO-DATE
> Task :react-native-localize:compileReleaseKotlin UP-TO-DATE
> Task :react-native-localize:javaPreCompileRelease UP-TO-DATE
> Task :react-native-localize:compileReleaseJavaWithJavac UP-TO-DATE
> Task :react-native-localize:bundleLibRuntimeToDirRelease UP-TO-DATE
> Task :react-native-nitro-image:checkKotlinGradlePluginConfigurationErrors SKIPPED
> Task :react-native-nitro-image:generateReleaseBuildConfig UP-TO-DATE
> Task :react-native-nitro-image:generateReleaseResValues UP-TO-DATE
> Task :react-native-nitro-image:generateReleaseResources UP-TO-DATE
> Task :react-native-nitro-image:packageReleaseResources UP-TO-DATE
> Task :react-native-nitro-image:parseReleaseLocalResources UP-TO-DATE
> Task :react-native-nitro-image:generateReleaseRFile UP-TO-DATE
> Task :react-native-nitro-modules:checkKotlinGradlePluginConfigurationErrors SKIPPED
> Task :react-native-nitro-modules:generateReleaseBuildConfig UP-TO-DATE
> Task :react-native-nitro-modules:generateReleaseResValues UP-TO-DATE
> Task :react-native-nitro-modules:generateReleaseResources UP-TO-DATE
> Task :react-native-nitro-modules:packageReleaseResources UP-TO-DATE
> Task :react-native-nitro-modules:parseReleaseLocalResources UP-TO-DATE
> Task :react-native-nitro-modules:generateReleaseRFile UP-TO-DATE
> Task :react-native-nitro-modules:compileReleaseKotlin UP-TO-DATE
> Task :react-native-nitro-modules:javaPreCompileRelease UP-TO-DATE
> Task :react-native-nitro-modules:compileReleaseJavaWithJavac UP-TO-DATE
> Task :react-native-nitro-modules:bundleLibCompileToJarRelease UP-TO-DATE
> Task :react-native-nitro-image:compileReleaseKotlin UP-TO-DATE
> Task :react-native-nitro-image:javaPreCompileRelease UP-TO-DATE
> Task :react-native-nitro-image:compileReleaseJavaWithJavac UP-TO-DATE
> Task :react-native-nitro-image:bundleLibCompileToJarRelease UP-TO-DATE
> Task :react-native-vision-camera:checkKotlinGradlePluginConfigurationErrors SKIPPED
> Task :react-native-vision-camera:generateReleaseBuildConfig UP-TO-DATE
> Task :react-native-vision-camera:generateReleaseResValues UP-TO-DATE
> Task :react-native-vision-camera:generateReleaseResources UP-TO-DATE
> Task :react-native-vision-camera:packageReleaseResources UP-TO-DATE
> Task :react-native-vision-camera:parseReleaseLocalResources UP-TO-DATE
> Task :react-native-vision-camera:generateReleaseRFile UP-TO-DATE
> Task :react-native-vision-camera:compileReleaseKotlin UP-TO-DATE
> Task :react-native-vision-camera:javaPreCompileRelease UP-TO-DATE
> Task :react-native-vision-camera:compileReleaseJavaWithJavac UP-TO-DATE
> Task :react-native-vision-camera:bundleLibRuntimeToDirRelease UP-TO-DATE
> Task :react-native-nitro-image:bundleLibRuntimeToDirRelease UP-TO-DATE
> Task :react-native-nitro-modules:bundleLibRuntimeToDirRelease UP-TO-DATE
> Task :react-native-permissions:checkKotlinGradlePluginConfigurationErrors SKIPPED
> Task :react-native-permissions:generateReleaseBuildConfig UP-TO-DATE
> Task :react-native-permissions:generateReleaseResValues UP-TO-DATE
> Task :react-native-permissions:generateReleaseResources UP-TO-DATE
> Task :react-native-permissions:packageReleaseResources UP-TO-DATE
> Task :react-native-permissions:parseReleaseLocalResources UP-TO-DATE
> Task :react-native-permissions:generateReleaseRFile UP-TO-DATE
> Task :react-native-permissions:compileReleaseKotlin UP-TO-DATE
> Task :react-native-permissions:javaPreCompileRelease UP-TO-DATE
> Task :react-native-permissions:compileReleaseJavaWithJavac UP-TO-DATE
> Task :react-native-permissions:bundleLibRuntimeToDirRelease UP-TO-DATE
> Task :react-native-reanimated:bundleLibRuntimeToDirRelease UP-TO-DATE
> Task :react-native-safe-area-context:checkKotlinGradlePluginConfigurationErrors SKIPPED
> Task :react-native-safe-area-context:generateReleaseBuildConfig UP-TO-DATE
> Task :react-native-safe-area-context:generateReleaseResValues UP-TO-DATE
> Task :react-native-safe-area-context:generateReleaseResources UP-TO-DATE
> Task :react-native-safe-area-context:packageReleaseResources UP-TO-DATE
> Task :react-native-safe-area-context:parseReleaseLocalResources UP-TO-DATE
> Task :react-native-safe-area-context:generateReleaseRFile UP-TO-DATE
> Task :react-native-safe-area-context:compileReleaseKotlin UP-TO-DATE
> Task :react-native-safe-area-context:javaPreCompileRelease UP-TO-DATE
> Task :react-native-safe-area-context:compileReleaseJavaWithJavac UP-TO-DATE
> Task :react-native-safe-area-context:bundleLibRuntimeToDirRelease UP-TO-DATE
> Task :react-native-screens:checkKotlinGradlePluginConfigurationErrors SKIPPED
> Task :react-native-screens:generateReleaseBuildConfig UP-TO-DATE
> Task :react-native-screens:generateReleaseResValues UP-TO-DATE
> Task :react-native-screens:generateReleaseResources UP-TO-DATE
> Task :react-native-screens:packageReleaseResources UP-TO-DATE
> Task :react-native-screens:parseReleaseLocalResources UP-TO-DATE
> Task :react-native-screens:generateReleaseRFile UP-TO-DATE
> Task :react-native-screens:compileReleaseKotlin UP-TO-DATE
> Task :react-native-screens:javaPreCompileRelease UP-TO-DATE
> Task :react-native-screens:compileReleaseJavaWithJavac UP-TO-DATE
> Task :react-native-screens:bundleLibRuntimeToDirRelease UP-TO-DATE
> Task :react-native-worklets:bundleLibRuntimeToDirRelease UP-TO-DATE
> Task :react-native-async-storage_async-storage:generateReleaseBuildConfig UP-TO-DATE
> Task :react-native-async-storage_async-storage:generateReleaseResValues UP-TO-DATE
> Task :react-native-async-storage_async-storage:generateReleaseResources UP-TO-DATE
> Task :react-native-async-storage_async-storage:packageReleaseResources UP-TO-DATE
> Task :react-native-async-storage_async-storage:parseReleaseLocalResources UP-TO-DATE
> Task :react-native-async-storage_async-storage:generateReleaseRFile UP-TO-DATE
> Task :react-native-async-storage_async-storage:javaPreCompileRelease UP-TO-DATE
> Task :react-native-async-storage_async-storage:compileReleaseJavaWithJavac UP-TO-DATE
> Task :react-native-async-storage_async-storage:bundleLibRuntimeToDirRelease UP-TO-DATE
> Task :react-native-community_netinfo:generateReleaseBuildConfig UP-TO-DATE
> Task :react-native-community_netinfo:generateReleaseResValues UP-TO-DATE
> Task :react-native-community_netinfo:generateReleaseResources UP-TO-DATE
> Task :react-native-community_netinfo:packageReleaseResources UP-TO-DATE
> Task :react-native-community_netinfo:parseReleaseLocalResources UP-TO-DATE
> Task :react-native-community_netinfo:generateReleaseRFile UP-TO-DATE
> Task :react-native-community_netinfo:javaPreCompileRelease UP-TO-DATE
> Task :react-native-community_netinfo:compileReleaseJavaWithJavac UP-TO-DATE
> Task :react-native-community_netinfo:bundleLibRuntimeToDirRelease UP-TO-DATE
> Task :react-native-firebase_app:generateReleaseBuildConfig UP-TO-DATE
> Task :react-native-firebase_app:generateReleaseResValues UP-TO-DATE
> Task :react-native-firebase_app:generateReleaseResources UP-TO-DATE
> Task :react-native-firebase_app:packageReleaseResources UP-TO-DATE
> Task :react-native-firebase_app:parseReleaseLocalResources UP-TO-DATE
> Task :react-native-firebase_app:generateReleaseRFile UP-TO-DATE
> Task :react-native-firebase_app:javaPreCompileRelease UP-TO-DATE
> Task :react-native-firebase_app:compileReleaseJavaWithJavac UP-TO-DATE
> Task :react-native-firebase_app:bundleLibCompileToJarRelease UP-TO-DATE
> Task :react-native-firebase_auth:generateReleaseBuildConfig UP-TO-DATE
> Task :react-native-firebase_auth:generateReleaseResValues UP-TO-DATE
> Task :react-native-firebase_auth:generateReleaseResources UP-TO-DATE
> Task :react-native-firebase_auth:packageReleaseResources UP-TO-DATE
> Task :react-native-firebase_auth:parseReleaseLocalResources UP-TO-DATE
> Task :react-native-firebase_auth:generateReleaseRFile UP-TO-DATE
> Task :react-native-firebase_auth:javaPreCompileRelease UP-TO-DATE
> Task :react-native-firebase_auth:compileReleaseJavaWithJavac UP-TO-DATE
> Task :react-native-firebase_auth:bundleLibRuntimeToDirRelease UP-TO-DATE
> Task :react-native-firebase_app:bundleLibRuntimeToDirRelease UP-TO-DATE
> Task :react-native-ml-kit_barcode-scanning:generateReleaseBuildConfig UP-TO-DATE
> Task :react-native-ml-kit_barcode-scanning:generateReleaseResValues UP-TO-DATE
> Task :react-native-ml-kit_barcode-scanning:generateReleaseResources UP-TO-DATE
> Task :react-native-ml-kit_barcode-scanning:packageReleaseResources UP-TO-DATE
> Task :react-native-ml-kit_barcode-scanning:parseReleaseLocalResources UP-TO-DATE
> Task :react-native-ml-kit_barcode-scanning:generateReleaseRFile UP-TO-DATE
> Task :react-native-ml-kit_barcode-scanning:javaPreCompileRelease UP-TO-DATE
> Task :react-native-ml-kit_barcode-scanning:compileReleaseJavaWithJavac UP-TO-DATE
> Task :react-native-ml-kit_barcode-scanning:bundleLibRuntimeToDirRelease UP-TO-DATE
> Task :react-native-device-info:generateReleaseBuildConfig UP-TO-DATE
> Task :react-native-device-info:generateReleaseResValues UP-TO-DATE
> Task :react-native-device-info:generateReleaseResources UP-TO-DATE
> Task :react-native-device-info:packageReleaseResources UP-TO-DATE
> Task :react-native-device-info:parseReleaseLocalResources UP-TO-DATE
> Task :react-native-device-info:generateReleaseRFile UP-TO-DATE
> Task :react-native-device-info:javaPreCompileRelease UP-TO-DATE
> Task :react-native-device-info:compileReleaseJavaWithJavac UP-TO-DATE
> Task :react-native-device-info:bundleLibRuntimeToDirRelease UP-TO-DATE
> Task :react-native-geolocation-service:generateReleaseBuildConfig UP-TO-DATE
> Task :react-native-geolocation-service:generateReleaseResValues UP-TO-DATE
> Task :react-native-geolocation-service:generateReleaseResources UP-TO-DATE
> Task :react-native-geolocation-service:packageReleaseResources UP-TO-DATE
> Task :react-native-geolocation-service:parseReleaseLocalResources UP-TO-DATE
> Task :react-native-geolocation-service:generateReleaseRFile UP-TO-DATE
> Task :react-native-geolocation-service:javaPreCompileRelease UP-TO-DATE
> Task :react-native-geolocation-service:compileReleaseJavaWithJavac UP-TO-DATE
> Task :react-native-geolocation-service:bundleLibRuntimeToDirRelease UP-TO-DATE
> Task :react-native-get-random-values:generateReleaseBuildConfig UP-TO-DATE
> Task :react-native-get-random-values:generateReleaseResValues UP-TO-DATE
> Task :react-native-get-random-values:generateReleaseResources UP-TO-DATE
> Task :react-native-get-random-values:packageReleaseResources UP-TO-DATE
> Task :react-native-get-random-values:parseReleaseLocalResources UP-TO-DATE
> Task :react-native-get-random-values:generateReleaseRFile UP-TO-DATE
> Task :react-native-get-random-values:javaPreCompileRelease UP-TO-DATE
> Task :react-native-get-random-values:compileReleaseJavaWithJavac UP-TO-DATE
> Task :react-native-get-random-values:bundleLibRuntimeToDirRelease UP-TO-DATE
> Task :react-native-image-picker:generateReleaseBuildConfig UP-TO-DATE
> Task :react-native-image-picker:generateReleaseResValues UP-TO-DATE
> Task :react-native-image-picker:generateReleaseResources UP-TO-DATE
> Task :react-native-image-picker:packageReleaseResources UP-TO-DATE
> Task :react-native-image-picker:parseReleaseLocalResources UP-TO-DATE
> Task :react-native-image-picker:generateReleaseRFile UP-TO-DATE
> Task :react-native-image-picker:javaPreCompileRelease UP-TO-DATE
> Task :react-native-image-picker:compileReleaseJavaWithJavac UP-TO-DATE
> Task :react-native-image-picker:bundleLibRuntimeToDirRelease UP-TO-DATE
> Task :react-native-svg:bundleLibRuntimeToDirRelease UP-TO-DATE
> Task :react-native-vector-icons:generateReleaseBuildConfig UP-TO-DATE
> Task :react-native-vector-icons:generateReleaseResValues UP-TO-DATE
> Task :react-native-vector-icons:generateReleaseResources UP-TO-DATE
> Task :react-native-vector-icons:packageReleaseResources UP-TO-DATE
> Task :react-native-vector-icons:parseReleaseLocalResources UP-TO-DATE
> Task :react-native-vector-icons:generateReleaseRFile UP-TO-DATE
> Task :react-native-vector-icons:javaPreCompileRelease UP-TO-DATE
> Task :react-native-vector-icons:compileReleaseJavaWithJavac UP-TO-DATE
> Task :react-native-vector-icons:bundleLibRuntimeToDirRelease UP-TO-DATE
> Task :app:checkReleaseDuplicateClasses UP-TO-DATE
> Task :app:buildKotlinToolingMetadata UP-TO-DATE
> Task :app:checkKotlinGradlePluginConfigurationErrors SKIPPED
> Task :app:generateReleaseBuildConfig UP-TO-DATE
> Task :lottie-react-native:writeReleaseAarMetadata UP-TO-DATE
> Task :react-native-async-storage_async-storage:writeReleaseAarMetadata UP-TO-DATE
> Task :react-native-bootsplash:writeReleaseAarMetadata UP-TO-DATE
> Task :react-native-community_netinfo:writeReleaseAarMetadata UP-TO-DATE
> Task :react-native-device-info:writeReleaseAarMetadata UP-TO-DATE
> Task :react-native-firebase_app:writeReleaseAarMetadata UP-TO-DATE
> Task :react-native-firebase_auth:writeReleaseAarMetadata UP-TO-DATE
> Task :react-native-geolocation-service:writeReleaseAarMetadata UP-TO-DATE
> Task :react-native-gesture-handler:writeReleaseAarMetadata UP-TO-DATE
> Task :react-native-get-random-values:writeReleaseAarMetadata UP-TO-DATE
> Task :react-native-google-signin_google-signin:writeReleaseAarMetadata UP-TO-DATE
> Task :react-native-image-picker:writeReleaseAarMetadata UP-TO-DATE
> Task :react-native-keychain:writeReleaseAarMetadata UP-TO-DATE
> Task :react-native-localize:writeReleaseAarMetadata UP-TO-DATE
> Task :react-native-ml-kit_barcode-scanning:writeReleaseAarMetadata UP-TO-DATE
> Task :react-native-nitro-image:writeReleaseAarMetadata UP-TO-DATE
> Task :react-native-nitro-modules:writeReleaseAarMetadata UP-TO-DATE
> Task :react-native-permissions:writeReleaseAarMetadata UP-TO-DATE
> Task :react-native-reanimated:writeReleaseAarMetadata UP-TO-DATE
> Task :react-native-safe-area-context:writeReleaseAarMetadata UP-TO-DATE
> Task :react-native-screens:writeReleaseAarMetadata UP-TO-DATE
> Task :react-native-svg:writeReleaseAarMetadata UP-TO-DATE
> Task :react-native-vector-icons:writeReleaseAarMetadata UP-TO-DATE
> Task :react-native-vision-camera:writeReleaseAarMetadata UP-TO-DATE
> Task :react-native-worklets:writeReleaseAarMetadata UP-TO-DATE
> Task :app:checkReleaseAarMetadata UP-TO-DATE
> Task :app:createBundleReleaseJsAndAssets UP-TO-DATE
> Task :app:generateReleaseResValues UP-TO-DATE
> Task :app:processReleaseGoogleServices UP-TO-DATE
> Task :app:mapReleaseSourceSetPaths UP-TO-DATE
> Task :app:generateReleaseResources UP-TO-DATE
> Task :app:mergeReleaseResources UP-TO-DATE
> Task :app:packageReleaseResources UP-TO-DATE
> Task :app:parseReleaseLocalResources UP-TO-DATE
> Task :app:createReleaseCompatibleScreenManifests UP-TO-DATE
> Task :app:extractDeepLinksRelease UP-TO-DATE
> Task :lottie-react-native:extractDeepLinksRelease UP-TO-DATE
> Task :lottie-react-native:processReleaseManifest UP-TO-DATE
> Task :react-native-async-storage_async-storage:extractDeepLinksRelease UP-TO-DATE
> Task :react-native-async-storage_async-storage:processReleaseManifest UP-TO-DATE
> Task :react-native-bootsplash:extractDeepLinksRelease UP-TO-DATE
> Task :react-native-bootsplash:processReleaseManifest UP-TO-DATE
> Task :react-native-community_netinfo:extractDeepLinksRelease UP-TO-DATE
> Task :react-native-community_netinfo:processReleaseManifest UP-TO-DATE
> Task :react-native-device-info:extractDeepLinksRelease UP-TO-DATE
> Task :react-native-device-info:processReleaseManifest UP-TO-DATE
> Task :react-native-firebase_app:extractDeepLinksRelease UP-TO-DATE
> Task :react-native-firebase_app:processReleaseManifest UP-TO-DATE
> Task :react-native-firebase_auth:extractDeepLinksRelease UP-TO-DATE
> Task :react-native-firebase_auth:processReleaseManifest UP-TO-DATE
> Task :react-native-geolocation-service:extractDeepLinksRelease UP-TO-DATE
> Task :react-native-geolocation-service:processReleaseManifest UP-TO-DATE
> Task :react-native-gesture-handler:extractDeepLinksRelease UP-TO-DATE
> Task :react-native-gesture-handler:processReleaseManifest UP-TO-DATE
> Task :react-native-get-random-values:extractDeepLinksRelease UP-TO-DATE
> Task :react-native-get-random-values:processReleaseManifest UP-TO-DATE
> Task :react-native-google-signin_google-signin:extractDeepLinksRelease UP-TO-DATE
> Task :react-native-google-signin_google-signin:processReleaseManifest UP-TO-DATE
> Task :react-native-image-picker:extractDeepLinksRelease UP-TO-DATE
> Task :react-native-image-picker:processReleaseManifest UP-TO-DATE
> Task :react-native-keychain:extractDeepLinksRelease UP-TO-DATE
> Task :react-native-keychain:processReleaseManifest UP-TO-DATE
> Task :react-native-localize:extractDeepLinksRelease UP-TO-DATE
> Task :react-native-localize:processReleaseManifest UP-TO-DATE
> Task :react-native-ml-kit_barcode-scanning:extractDeepLinksRelease UP-TO-DATE
> Task :react-native-ml-kit_barcode-scanning:processReleaseManifest UP-TO-DATE
> Task :react-native-nitro-image:extractDeepLinksRelease UP-TO-DATE
> Task :react-native-nitro-image:processReleaseManifest UP-TO-DATE
> Task :react-native-nitro-modules:extractDeepLinksRelease UP-TO-DATE
> Task :react-native-nitro-modules:processReleaseManifest UP-TO-DATE
> Task :react-native-permissions:extractDeepLinksRelease UP-TO-DATE
> Task :react-native-permissions:processReleaseManifest UP-TO-DATE
> Task :react-native-reanimated:extractDeepLinksRelease UP-TO-DATE
> Task :react-native-reanimated:processReleaseManifest UP-TO-DATE
> Task :react-native-safe-area-context:extractDeepLinksRelease UP-TO-DATE
> Task :react-native-safe-area-context:processReleaseManifest UP-TO-DATE
> Task :react-native-screens:extractDeepLinksRelease UP-TO-DATE
> Task :react-native-screens:processReleaseManifest UP-TO-DATE
> Task :react-native-svg:extractDeepLinksRelease UP-TO-DATE
> Task :react-native-svg:processReleaseManifest UP-TO-DATE
> Task :react-native-vector-icons:extractDeepLinksRelease UP-TO-DATE
> Task :react-native-vector-icons:processReleaseManifest UP-TO-DATE
> Task :react-native-vision-camera:extractDeepLinksRelease UP-TO-DATE
> Task :react-native-vision-camera:processReleaseManifest UP-TO-DATE
> Task :react-native-worklets:extractDeepLinksRelease UP-TO-DATE
> Task :react-native-worklets:processReleaseManifest UP-TO-DATE
> Task :app:processReleaseMainManifest UP-TO-DATE
> Task :app:processReleaseManifest UP-TO-DATE
> Task :app:processReleaseManifestForPackage UP-TO-DATE
> Task :lottie-react-native:compileReleaseLibraryResources UP-TO-DATE
> Task :react-native-async-storage_async-storage:compileReleaseLibraryResources UP-TO-DATE
> Task :react-native-bootsplash:compileReleaseLibraryResources UP-TO-DATE
> Task :react-native-community_netinfo:compileReleaseLibraryResources UP-TO-DATE
> Task :react-native-device-info:compileReleaseLibraryResources UP-TO-DATE
> Task :react-native-firebase_app:compileReleaseLibraryResources UP-TO-DATE
> Task :react-native-firebase_auth:compileReleaseLibraryResources UP-TO-DATE
> Task :react-native-geolocation-service:compileReleaseLibraryResources UP-TO-DATE
> Task :react-native-gesture-handler:compileReleaseLibraryResources UP-TO-DATE
> Task :react-native-get-random-values:compileReleaseLibraryResources UP-TO-DATE
> Task :react-native-google-signin_google-signin:compileReleaseLibraryResources UP-TO-DATE
> Task :react-native-image-picker:compileReleaseLibraryResources UP-TO-DATE
> Task :react-native-keychain:compileReleaseLibraryResources UP-TO-DATE
> Task :react-native-localize:compileReleaseLibraryResources UP-TO-DATE
> Task :react-native-ml-kit_barcode-scanning:compileReleaseLibraryResources UP-TO-DATE
> Task :react-native-nitro-image:compileReleaseLibraryResources UP-TO-DATE
> Task :react-native-nitro-modules:compileReleaseLibraryResources UP-TO-DATE
> Task :react-native-permissions:compileReleaseLibraryResources UP-TO-DATE
> Task :react-native-reanimated:compileReleaseLibraryResources UP-TO-DATE
> Task :react-native-safe-area-context:compileReleaseLibraryResources UP-TO-DATE
> Task :react-native-screens:compileReleaseLibraryResources UP-TO-DATE
> Task :react-native-svg:compileReleaseLibraryResources UP-TO-DATE
> Task :react-native-vector-icons:compileReleaseLibraryResources UP-TO-DATE
> Task :react-native-vision-camera:compileReleaseLibraryResources UP-TO-DATE
> Task :react-native-worklets:compileReleaseLibraryResources UP-TO-DATE
> Task :app:processReleaseResources UP-TO-DATE
> Task :lottie-react-native:bundleLibCompileToJarRelease UP-TO-DATE
> Task :react-native-async-storage_async-storage:bundleLibCompileToJarRelease UP-TO-DATE
> Task :react-native-bootsplash:bundleLibCompileToJarRelease UP-TO-DATE
> Task :react-native-community_netinfo:bundleLibCompileToJarRelease UP-TO-DATE
> Task :react-native-device-info:bundleLibCompileToJarRelease UP-TO-DATE
> Task :react-native-firebase_auth:bundleLibCompileToJarRelease UP-TO-DATE
> Task :react-native-geolocation-service:bundleLibCompileToJarRelease UP-TO-DATE
> Task :react-native-gesture-handler:bundleLibCompileToJarRelease UP-TO-DATE
> Task :react-native-get-random-values:bundleLibCompileToJarRelease UP-TO-DATE
> Task :react-native-google-signin_google-signin:bundleLibCompileToJarRelease UP-TO-DATE
> Task :react-native-image-picker:bundleLibCompileToJarRelease UP-TO-DATE
> Task :react-native-keychain:bundleLibCompileToJarRelease UP-TO-DATE
> Task :react-native-localize:bundleLibCompileToJarRelease UP-TO-DATE
> Task :react-native-ml-kit_barcode-scanning:bundleLibCompileToJarRelease UP-TO-DATE
> Task :react-native-permissions:bundleLibCompileToJarRelease UP-TO-DATE
> Task :react-native-safe-area-context:bundleLibCompileToJarRelease UP-TO-DATE
> Task :react-native-screens:bundleLibCompileToJarRelease UP-TO-DATE
> Task :react-native-vector-icons:bundleLibCompileToJarRelease UP-TO-DATE
> Task :react-native-vision-camera:bundleLibCompileToJarRelease UP-TO-DATE
> Task :app:compileReleaseKotlin UP-TO-DATE
> Task :app:javaPreCompileRelease UP-TO-DATE
> Task :app:compileReleaseJavaWithJavac UP-TO-DATE
> Task :app:dexBuilderRelease UP-TO-DATE
> Task :app:desugarReleaseFileDependencies UP-TO-DATE
> Task :app:mergeReleaseStartupProfile UP-TO-DATE
> Task :app:mergeExtDexRelease UP-TO-DATE
> Task :app:mergeDexRelease UP-TO-DATE
> Task :lottie-react-native:prepareReleaseArtProfile UP-TO-DATE
> Task :react-native-async-storage_async-storage:prepareReleaseArtProfile UP-TO-DATE
> Task :react-native-bootsplash:prepareReleaseArtProfile UP-TO-DATE
> Task :react-native-community_netinfo:prepareReleaseArtProfile UP-TO-DATE
> Task :react-native-device-info:prepareReleaseArtProfile UP-TO-DATE
> Task :react-native-firebase_app:prepareReleaseArtProfile UP-TO-DATE
> Task :react-native-firebase_auth:prepareReleaseArtProfile UP-TO-DATE
> Task :react-native-geolocation-service:prepareReleaseArtProfile UP-TO-DATE
> Task :react-native-gesture-handler:prepareReleaseArtProfile UP-TO-DATE
> Task :react-native-get-random-values:prepareReleaseArtProfile UP-TO-DATE
> Task :react-native-google-signin_google-signin:prepareReleaseArtProfile UP-TO-DATE
> Task :react-native-image-picker:prepareReleaseArtProfile UP-TO-DATE
> Task :react-native-keychain:prepareReleaseArtProfile UP-TO-DATE
> Task :react-native-localize:prepareReleaseArtProfile UP-TO-DATE
> Task :react-native-ml-kit_barcode-scanning:prepareReleaseArtProfile UP-TO-DATE
> Task :react-native-nitro-image:prepareReleaseArtProfile UP-TO-DATE
> Task :react-native-nitro-modules:prepareReleaseArtProfile UP-TO-DATE
> Task :react-native-permissions:prepareReleaseArtProfile UP-TO-DATE
> Task :react-native-reanimated:prepareReleaseArtProfile UP-TO-DATE
> Task :react-native-safe-area-context:prepareReleaseArtProfile UP-TO-DATE
> Task :react-native-screens:prepareReleaseArtProfile UP-TO-DATE
> Task :react-native-svg:prepareReleaseArtProfile UP-TO-DATE
> Task :react-native-vector-icons:prepareReleaseArtProfile UP-TO-DATE
> Task :react-native-vision-camera:prepareReleaseArtProfile UP-TO-DATE
> Task :react-native-worklets:prepareReleaseArtProfile UP-TO-DATE
> Task :app:mergeReleaseArtProfile UP-TO-DATE
> Task :react-native-google-signin_google-signin:bundleLibRuntimeToJarRelease UP-TO-DATE
> Task :lottie-react-native:bundleLibRuntimeToJarRelease UP-TO-DATE
> Task :react-native-bootsplash:bundleLibRuntimeToJarRelease UP-TO-DATE
> Task :react-native-gesture-handler:bundleLibRuntimeToJarRelease UP-TO-DATE
> Task :react-native-keychain:bundleLibRuntimeToJarRelease UP-TO-DATE
> Task :react-native-localize:bundleLibRuntimeToJarRelease UP-TO-DATE
> Task :react-native-vision-camera:bundleLibRuntimeToJarRelease UP-TO-DATE
> Task :react-native-nitro-image:bundleLibRuntimeToJarRelease UP-TO-DATE
> Task :react-native-nitro-modules:bundleLibRuntimeToJarRelease UP-TO-DATE
> Task :react-native-permissions:bundleLibRuntimeToJarRelease UP-TO-DATE
> Task :react-native-reanimated:bundleLibRuntimeToJarRelease UP-TO-DATE
> Task :react-native-safe-area-context:bundleLibRuntimeToJarRelease UP-TO-DATE
> Task :react-native-screens:bundleLibRuntimeToJarRelease UP-TO-DATE
> Task :react-native-worklets:bundleLibRuntimeToJarRelease UP-TO-DATE
> Task :react-native-async-storage_async-storage:bundleLibRuntimeToJarRelease UP-TO-DATE
> Task :react-native-community_netinfo:bundleLibRuntimeToJarRelease UP-TO-DATE
> Task :react-native-firebase_auth:bundleLibRuntimeToJarRelease UP-TO-DATE
> Task :react-native-firebase_app:bundleLibRuntimeToJarRelease UP-TO-DATE
> Task :react-native-ml-kit_barcode-scanning:bundleLibRuntimeToJarRelease UP-TO-DATE
> Task :react-native-device-info:bundleLibRuntimeToJarRelease UP-TO-DATE
> Task :react-native-geolocation-service:bundleLibRuntimeToJarRelease UP-TO-DATE
> Task :react-native-get-random-values:bundleLibRuntimeToJarRelease UP-TO-DATE
> Task :react-native-image-picker:bundleLibRuntimeToJarRelease UP-TO-DATE
> Task :react-native-svg:bundleLibRuntimeToJarRelease UP-TO-DATE
> Task :react-native-vector-icons:bundleLibRuntimeToJarRelease UP-TO-DATE
> Task :app:mergeReleaseShaders UP-TO-DATE
> Task :app:compileReleaseShaders NO-SOURCE
> Task :app:copyReactNativeVectorIconFonts UP-TO-DATE
> Task :app:mergeReleaseGlobalSynthetics UP-TO-DATE
> Task :app:compileReleaseArtProfile UP-TO-DATE
> Task :app:generateReleaseAssets UP-TO-DATE
> Task :lottie-react-native:mergeReleaseShaders UP-TO-DATE
> Task :lottie-react-native:compileReleaseShaders NO-SOURCE
> Task :lottie-react-native:generateReleaseAssets UP-TO-DATE
> Task :lottie-react-native:mergeReleaseAssets UP-TO-DATE
> Task :react-native-async-storage_async-storage:mergeReleaseShaders UP-TO-DATE
> Task :react-native-async-storage_async-storage:compileReleaseShaders NO-SOURCE
> Task :react-native-async-storage_async-storage:generateReleaseAssets UP-TO-DATE
> Task :react-native-async-storage_async-storage:mergeReleaseAssets UP-TO-DATE
> Task :react-native-bootsplash:mergeReleaseShaders UP-TO-DATE
> Task :react-native-bootsplash:compileReleaseShaders NO-SOURCE
> Task :react-native-bootsplash:generateReleaseAssets UP-TO-DATE
> Task :react-native-bootsplash:mergeReleaseAssets UP-TO-DATE
> Task :react-native-community_netinfo:mergeReleaseShaders UP-TO-DATE
> Task :react-native-community_netinfo:compileReleaseShaders NO-SOURCE
> Task :react-native-community_netinfo:generateReleaseAssets UP-TO-DATE
> Task :react-native-community_netinfo:mergeReleaseAssets UP-TO-DATE
> Task :react-native-device-info:mergeReleaseShaders UP-TO-DATE
> Task :react-native-device-info:compileReleaseShaders NO-SOURCE
> Task :react-native-device-info:generateReleaseAssets UP-TO-DATE
> Task :react-native-device-info:mergeReleaseAssets UP-TO-DATE
> Task :react-native-firebase_app:mergeReleaseShaders UP-TO-DATE
> Task :react-native-firebase_app:compileReleaseShaders NO-SOURCE
> Task :react-native-firebase_app:generateReleaseAssets UP-TO-DATE
> Task :react-native-firebase_app:mergeReleaseAssets UP-TO-DATE
> Task :react-native-firebase_auth:mergeReleaseShaders UP-TO-DATE
> Task :react-native-firebase_auth:compileReleaseShaders NO-SOURCE
> Task :react-native-firebase_auth:generateReleaseAssets UP-TO-DATE
> Task :react-native-firebase_auth:mergeReleaseAssets UP-TO-DATE
> Task :react-native-geolocation-service:mergeReleaseShaders UP-TO-DATE
> Task :react-native-geolocation-service:compileReleaseShaders NO-SOURCE
> Task :react-native-geolocation-service:generateReleaseAssets UP-TO-DATE
> Task :react-native-geolocation-service:mergeReleaseAssets UP-TO-DATE
> Task :react-native-gesture-handler:mergeReleaseShaders UP-TO-DATE
> Task :react-native-gesture-handler:compileReleaseShaders NO-SOURCE
> Task :react-native-gesture-handler:generateReleaseAssets UP-TO-DATE
> Task :react-native-gesture-handler:mergeReleaseAssets UP-TO-DATE
> Task :react-native-get-random-values:mergeReleaseShaders UP-TO-DATE
> Task :react-native-get-random-values:compileReleaseShaders NO-SOURCE
> Task :react-native-get-random-values:generateReleaseAssets UP-TO-DATE
> Task :react-native-get-random-values:mergeReleaseAssets UP-TO-DATE
> Task :react-native-google-signin_google-signin:mergeReleaseShaders UP-TO-DATE
> Task :react-native-google-signin_google-signin:compileReleaseShaders NO-SOURCE
> Task :react-native-google-signin_google-signin:generateReleaseAssets UP-TO-DATE
> Task :react-native-google-signin_google-signin:mergeReleaseAssets UP-TO-DATE
> Task :react-native-image-picker:mergeReleaseShaders UP-TO-DATE
> Task :react-native-image-picker:compileReleaseShaders NO-SOURCE
> Task :react-native-image-picker:generateReleaseAssets UP-TO-DATE
> Task :react-native-image-picker:mergeReleaseAssets UP-TO-DATE
> Task :react-native-keychain:mergeReleaseShaders UP-TO-DATE
> Task :react-native-keychain:compileReleaseShaders NO-SOURCE
> Task :react-native-keychain:generateReleaseAssets UP-TO-DATE
> Task :react-native-keychain:mergeReleaseAssets UP-TO-DATE
> Task :react-native-localize:mergeReleaseShaders UP-TO-DATE
> Task :react-native-localize:compileReleaseShaders NO-SOURCE
> Task :react-native-localize:generateReleaseAssets UP-TO-DATE
> Task :react-native-localize:mergeReleaseAssets UP-TO-DATE
> Task :react-native-ml-kit_barcode-scanning:mergeReleaseShaders UP-TO-DATE
> Task :react-native-ml-kit_barcode-scanning:compileReleaseShaders NO-SOURCE
> Task :react-native-ml-kit_barcode-scanning:generateReleaseAssets UP-TO-DATE
> Task :react-native-ml-kit_barcode-scanning:mergeReleaseAssets UP-TO-DATE
> Task :react-native-nitro-image:mergeReleaseShaders UP-TO-DATE
> Task :react-native-nitro-image:compileReleaseShaders NO-SOURCE
> Task :react-native-nitro-image:generateReleaseAssets UP-TO-DATE
> Task :react-native-nitro-image:mergeReleaseAssets UP-TO-DATE
> Task :react-native-nitro-modules:mergeReleaseShaders UP-TO-DATE
> Task :react-native-nitro-modules:compileReleaseShaders NO-SOURCE
> Task :react-native-nitro-modules:generateReleaseAssets UP-TO-DATE
> Task :react-native-nitro-modules:mergeReleaseAssets UP-TO-DATE
> Task :react-native-permissions:mergeReleaseShaders UP-TO-DATE
> Task :react-native-permissions:compileReleaseShaders NO-SOURCE
> Task :react-native-permissions:generateReleaseAssets UP-TO-DATE
> Task :react-native-permissions:mergeReleaseAssets UP-TO-DATE
> Task :react-native-reanimated:mergeReleaseShaders UP-TO-DATE
> Task :react-native-reanimated:compileReleaseShaders NO-SOURCE
> Task :react-native-reanimated:generateReleaseAssets UP-TO-DATE
> Task :react-native-reanimated:mergeReleaseAssets UP-TO-DATE
> Task :react-native-safe-area-context:mergeReleaseShaders UP-TO-DATE
> Task :react-native-safe-area-context:compileReleaseShaders NO-SOURCE
> Task :react-native-safe-area-context:generateReleaseAssets UP-TO-DATE
> Task :react-native-safe-area-context:mergeReleaseAssets UP-TO-DATE
> Task :react-native-screens:mergeReleaseShaders UP-TO-DATE
> Task :react-native-screens:compileReleaseShaders NO-SOURCE
> Task :react-native-screens:generateReleaseAssets UP-TO-DATE
> Task :react-native-screens:mergeReleaseAssets UP-TO-DATE
> Task :react-native-svg:mergeReleaseShaders UP-TO-DATE
> Task :react-native-svg:compileReleaseShaders NO-SOURCE
> Task :react-native-svg:generateReleaseAssets UP-TO-DATE
> Task :react-native-svg:mergeReleaseAssets UP-TO-DATE
> Task :react-native-vector-icons:mergeReleaseShaders UP-TO-DATE
> Task :react-native-vector-icons:compileReleaseShaders NO-SOURCE
> Task :react-native-vector-icons:generateReleaseAssets UP-TO-DATE
> Task :react-native-vector-icons:mergeReleaseAssets UP-TO-DATE
> Task :react-native-vision-camera:mergeReleaseShaders UP-TO-DATE
> Task :react-native-vision-camera:compileReleaseShaders NO-SOURCE
> Task :react-native-vision-camera:generateReleaseAssets UP-TO-DATE
> Task :react-native-vision-camera:mergeReleaseAssets UP-TO-DATE
> Task :react-native-worklets:mergeReleaseShaders UP-TO-DATE
> Task :react-native-worklets:compileReleaseShaders NO-SOURCE
> Task :react-native-worklets:generateReleaseAssets UP-TO-DATE
> Task :react-native-worklets:mergeReleaseAssets UP-TO-DATE
> Task :app:mergeReleaseAssets UP-TO-DATE
> Task :app:compressReleaseAssets UP-TO-DATE
> Task :app:extractReleaseVersionControlInfo UP-TO-DATE
> Task :app:extractProguardFiles UP-TO-DATE
> Task :lottie-react-native:processReleaseJavaRes UP-TO-DATE
> Task :lottie-react-native:createFullJarRelease UP-TO-DATE
> Task :lottie-react-native:extractProguardFiles UP-TO-DATE
> Task :lottie-react-native:generateReleaseLintModel UP-TO-DATE
> Task :lottie-react-native:prepareLintJarForPublish UP-TO-DATE
> Task :react-native-async-storage_async-storage:processReleaseJavaRes NO-SOURCE
> Task :react-native-async-storage_async-storage:createFullJarRelease UP-TO-DATE
> Task :react-native-async-storage_async-storage:extractProguardFiles UP-TO-DATE
> Task :react-native-async-storage_async-storage:generateReleaseLintModel UP-TO-DATE
> Task :react-native-async-storage_async-storage:prepareLintJarForPublish UP-TO-DATE
> Task :react-native-bootsplash:processReleaseJavaRes UP-TO-DATE
> Task :react-native-bootsplash:createFullJarRelease UP-TO-DATE
> Task :react-native-bootsplash:extractProguardFiles UP-TO-DATE
> Task :react-native-bootsplash:generateReleaseLintModel UP-TO-DATE
> Task :react-native-bootsplash:prepareLintJarForPublish UP-TO-DATE
> Task :react-native-community_netinfo:processReleaseJavaRes NO-SOURCE
> Task :react-native-community_netinfo:createFullJarRelease UP-TO-DATE
> Task :react-native-community_netinfo:extractProguardFiles UP-TO-DATE
> Task :react-native-community_netinfo:generateReleaseLintModel UP-TO-DATE
> Task :react-native-community_netinfo:prepareLintJarForPublish UP-TO-DATE
> Task :react-native-device-info:processReleaseJavaRes NO-SOURCE
> Task :react-native-device-info:createFullJarRelease UP-TO-DATE
> Task :react-native-device-info:extractProguardFiles UP-TO-DATE
> Task :react-native-device-info:generateReleaseLintModel UP-TO-DATE
> Task :react-native-device-info:prepareLintJarForPublish UP-TO-DATE
> Task :react-native-firebase_app:processReleaseJavaRes NO-SOURCE
> Task :react-native-firebase_app:createFullJarRelease UP-TO-DATE
> Task :react-native-firebase_app:extractProguardFiles UP-TO-DATE
> Task :react-native-firebase_app:generateReleaseLintModel UP-TO-DATE
> Task :react-native-firebase_app:prepareLintJarForPublish UP-TO-DATE
> Task :react-native-firebase_auth:processReleaseJavaRes NO-SOURCE
> Task :react-native-firebase_auth:createFullJarRelease UP-TO-DATE
> Task :react-native-firebase_auth:extractProguardFiles UP-TO-DATE
> Task :react-native-firebase_auth:generateReleaseLintModel UP-TO-DATE
> Task :react-native-firebase_auth:prepareLintJarForPublish UP-TO-DATE
> Task :react-native-geolocation-service:processReleaseJavaRes NO-SOURCE
> Task :react-native-geolocation-service:createFullJarRelease UP-TO-DATE
> Task :react-native-geolocation-service:extractProguardFiles UP-TO-DATE
> Task :react-native-geolocation-service:generateReleaseLintModel UP-TO-DATE
> Task :react-native-geolocation-service:prepareLintJarForPublish UP-TO-DATE
> Task :react-native-gesture-handler:processReleaseJavaRes UP-TO-DATE
> Task :react-native-gesture-handler:createFullJarRelease UP-TO-DATE
> Task :react-native-gesture-handler:extractProguardFiles UP-TO-DATE
> Task :react-native-reanimated:processReleaseJavaRes UP-TO-DATE
> Task :react-native-reanimated:createFullJarRelease UP-TO-DATE
> Task :react-native-reanimated:extractProguardFiles UP-TO-DATE
> Task :react-native-worklets:processReleaseJavaRes UP-TO-DATE
> Task :react-native-worklets:createFullJarRelease UP-TO-DATE
> Task :react-native-worklets:extractProguardFiles UP-TO-DATE
> Task :react-native-worklets:generateReleaseLintModel UP-TO-DATE
> Task :react-native-worklets:prepareLintJarForPublish UP-TO-DATE
> Task :react-native-reanimated:generateReleaseLintModel UP-TO-DATE
> Task :react-native-reanimated:prepareLintJarForPublish UP-TO-DATE
> Task :react-native-svg:processReleaseJavaRes NO-SOURCE
> Task :react-native-svg:createFullJarRelease UP-TO-DATE
> Task :react-native-svg:extractProguardFiles UP-TO-DATE
> Task :react-native-svg:generateReleaseLintModel UP-TO-DATE
> Task :react-native-svg:prepareLintJarForPublish UP-TO-DATE
> Task :react-native-gesture-handler:generateReleaseLintModel UP-TO-DATE
> Task :react-native-gesture-handler:prepareLintJarForPublish UP-TO-DATE
> Task :react-native-get-random-values:processReleaseJavaRes NO-SOURCE
> Task :react-native-get-random-values:createFullJarRelease UP-TO-DATE
> Task :react-native-get-random-values:extractProguardFiles UP-TO-DATE
> Task :react-native-get-random-values:generateReleaseLintModel UP-TO-DATE
> Task :react-native-get-random-values:prepareLintJarForPublish UP-TO-DATE
> Task :react-native-google-signin_google-signin:processReleaseJavaRes UP-TO-DATE
> Task :react-native-google-signin_google-signin:createFullJarRelease UP-TO-DATE
> Task :react-native-google-signin_google-signin:extractProguardFiles UP-TO-DATE
> Task :react-native-google-signin_google-signin:generateReleaseLintModel UP-TO-DATE
> Task :react-native-google-signin_google-signin:prepareLintJarForPublish UP-TO-DATE
> Task :react-native-image-picker:processReleaseJavaRes NO-SOURCE
> Task :react-native-image-picker:createFullJarRelease UP-TO-DATE
> Task :react-native-image-picker:extractProguardFiles UP-TO-DATE
> Task :react-native-image-picker:generateReleaseLintModel UP-TO-DATE
> Task :react-native-image-picker:prepareLintJarForPublish UP-TO-DATE
> Task :react-native-keychain:processReleaseJavaRes UP-TO-DATE
> Task :react-native-keychain:createFullJarRelease UP-TO-DATE
> Task :react-native-keychain:extractProguardFiles UP-TO-DATE
> Task :react-native-keychain:generateReleaseLintModel UP-TO-DATE
> Task :react-native-keychain:prepareLintJarForPublish UP-TO-DATE
> Task :react-native-localize:processReleaseJavaRes UP-TO-DATE
> Task :react-native-localize:createFullJarRelease UP-TO-DATE
> Task :react-native-localize:extractProguardFiles UP-TO-DATE
> Task :react-native-localize:generateReleaseLintModel UP-TO-DATE
> Task :react-native-localize:prepareLintJarForPublish UP-TO-DATE
> Task :react-native-ml-kit_barcode-scanning:processReleaseJavaRes NO-SOURCE
> Task :react-native-ml-kit_barcode-scanning:createFullJarRelease UP-TO-DATE
> Task :react-native-ml-kit_barcode-scanning:extractProguardFiles UP-TO-DATE
> Task :react-native-ml-kit_barcode-scanning:generateReleaseLintModel UP-TO-DATE
> Task :react-native-ml-kit_barcode-scanning:prepareLintJarForPublish UP-TO-DATE
> Task :react-native-nitro-image:processReleaseJavaRes UP-TO-DATE
> Task :react-native-nitro-image:createFullJarRelease UP-TO-DATE
> Task :react-native-nitro-image:extractProguardFiles UP-TO-DATE
> Task :react-native-nitro-modules:processReleaseJavaRes UP-TO-DATE
> Task :react-native-nitro-modules:createFullJarRelease UP-TO-DATE
> Task :react-native-nitro-modules:extractProguardFiles UP-TO-DATE
> Task :react-native-nitro-modules:generateReleaseLintModel UP-TO-DATE
> Task :react-native-nitro-modules:prepareLintJarForPublish UP-TO-DATE
> Task :react-native-nitro-image:generateReleaseLintModel UP-TO-DATE
> Task :react-native-nitro-image:prepareLintJarForPublish UP-TO-DATE
> Task :react-native-permissions:processReleaseJavaRes UP-TO-DATE
> Task :react-native-permissions:createFullJarRelease UP-TO-DATE
> Task :react-native-permissions:extractProguardFiles UP-TO-DATE
> Task :react-native-permissions:generateReleaseLintModel UP-TO-DATE
> Task :react-native-permissions:prepareLintJarForPublish UP-TO-DATE
> Task :react-native-safe-area-context:processReleaseJavaRes UP-TO-DATE
> Task :react-native-safe-area-context:createFullJarRelease UP-TO-DATE
> Task :react-native-safe-area-context:extractProguardFiles UP-TO-DATE
> Task :react-native-safe-area-context:generateReleaseLintModel UP-TO-DATE
> Task :react-native-safe-area-context:prepareLintJarForPublish UP-TO-DATE
> Task :react-native-screens:processReleaseJavaRes UP-TO-DATE
> Task :react-native-screens:createFullJarRelease UP-TO-DATE
> Task :react-native-screens:extractProguardFiles UP-TO-DATE
> Task :react-native-screens:generateReleaseLintModel UP-TO-DATE
> Task :react-native-screens:prepareLintJarForPublish UP-TO-DATE
> Task :react-native-vector-icons:processReleaseJavaRes NO-SOURCE
> Task :react-native-vector-icons:createFullJarRelease UP-TO-DATE
> Task :react-native-vector-icons:extractProguardFiles UP-TO-DATE
> Task :react-native-vector-icons:generateReleaseLintModel UP-TO-DATE
> Task :react-native-vector-icons:prepareLintJarForPublish UP-TO-DATE
> Task :react-native-vision-camera:processReleaseJavaRes UP-TO-DATE
> Task :react-native-vision-camera:createFullJarRelease UP-TO-DATE
> Task :react-native-vision-camera:extractProguardFiles UP-TO-DATE
> Task :react-native-vision-camera:generateReleaseLintModel UP-TO-DATE
> Task :react-native-vision-camera:prepareLintJarForPublish UP-TO-DATE
> Task :app:generateReleaseLintVitalReportModel UP-TO-DATE
> Task :react-native-google-signin_google-signin:stripReleaseDebugSymbols NO-SOURCE
> Task :react-native-google-signin_google-signin:copyReleaseJniLibsProjectAndLocalJars UP-TO-DATE
> Task :react-native-google-signin_google-signin:extractDeepLinksForAarRelease UP-TO-DATE
> Task :react-native-google-signin_google-signin:extractReleaseAnnotations UP-TO-DATE
> Task :react-native-google-signin_google-signin:mergeReleaseGeneratedProguardFiles UP-TO-DATE
> Task :react-native-google-signin_google-signin:mergeReleaseConsumerProguardFiles UP-TO-DATE
> Task :react-native-google-signin_google-signin:mergeReleaseJavaResource UP-TO-DATE
> Task :react-native-google-signin_google-signin:syncReleaseLibJars UP-TO-DATE
> Task :react-native-google-signin_google-signin:bundleReleaseLocalLintAar UP-TO-DATE
> Task :lottie-react-native:stripReleaseDebugSymbols NO-SOURCE
> Task :lottie-react-native:copyReleaseJniLibsProjectAndLocalJars UP-TO-DATE
> Task :lottie-react-native:extractDeepLinksForAarRelease UP-TO-DATE
> Task :lottie-react-native:extractReleaseAnnotations UP-TO-DATE
> Task :lottie-react-native:mergeReleaseGeneratedProguardFiles UP-TO-DATE
> Task :lottie-react-native:mergeReleaseConsumerProguardFiles UP-TO-DATE
> Task :lottie-react-native:mergeReleaseJavaResource UP-TO-DATE
> Task :lottie-react-native:syncReleaseLibJars UP-TO-DATE
> Task :lottie-react-native:bundleReleaseLocalLintAar UP-TO-DATE
> Task :react-native-bootsplash:stripReleaseDebugSymbols NO-SOURCE
> Task :react-native-bootsplash:copyReleaseJniLibsProjectAndLocalJars UP-TO-DATE
> Task :react-native-bootsplash:extractDeepLinksForAarRelease UP-TO-DATE
> Task :react-native-bootsplash:extractReleaseAnnotations UP-TO-DATE
> Task :react-native-bootsplash:mergeReleaseGeneratedProguardFiles UP-TO-DATE
> Task :react-native-bootsplash:mergeReleaseConsumerProguardFiles UP-TO-DATE
> Task :react-native-bootsplash:mergeReleaseJavaResource UP-TO-DATE
> Task :react-native-bootsplash:syncReleaseLibJars UP-TO-DATE
> Task :react-native-bootsplash:bundleReleaseLocalLintAar UP-TO-DATE
> Task :react-native-gesture-handler:stripReleaseDebugSymbols UP-TO-DATE
> Task :react-native-gesture-handler:copyReleaseJniLibsProjectAndLocalJars UP-TO-DATE
> Task :react-native-gesture-handler:extractDeepLinksForAarRelease UP-TO-DATE
> Task :react-native-gesture-handler:extractReleaseAnnotations UP-TO-DATE
> Task :react-native-gesture-handler:mergeReleaseGeneratedProguardFiles UP-TO-DATE
> Task :react-native-gesture-handler:mergeReleaseConsumerProguardFiles UP-TO-DATE
> Task :react-native-gesture-handler:mergeReleaseJavaResource UP-TO-DATE
> Task :react-native-gesture-handler:syncReleaseLibJars UP-TO-DATE
> Task :react-native-gesture-handler:bundleReleaseLocalLintAar UP-TO-DATE
> Task :react-native-keychain:stripReleaseDebugSymbols NO-SOURCE
> Task :react-native-keychain:copyReleaseJniLibsProjectAndLocalJars UP-TO-DATE
> Task :react-native-keychain:extractDeepLinksForAarRelease UP-TO-DATE
> Task :react-native-keychain:extractReleaseAnnotations UP-TO-DATE
> Task :react-native-keychain:mergeReleaseGeneratedProguardFiles UP-TO-DATE
> Task :react-native-keychain:mergeReleaseConsumerProguardFiles UP-TO-DATE
> Task :react-native-keychain:mergeReleaseJavaResource UP-TO-DATE
> Task :react-native-keychain:syncReleaseLibJars UP-TO-DATE
> Task :react-native-keychain:bundleReleaseLocalLintAar UP-TO-DATE
> Task :react-native-localize:stripReleaseDebugSymbols NO-SOURCE
> Task :react-native-localize:copyReleaseJniLibsProjectAndLocalJars UP-TO-DATE
> Task :react-native-localize:extractDeepLinksForAarRelease UP-TO-DATE
> Task :react-native-localize:extractReleaseAnnotations UP-TO-DATE
> Task :react-native-localize:mergeReleaseGeneratedProguardFiles UP-TO-DATE
> Task :react-native-localize:mergeReleaseConsumerProguardFiles UP-TO-DATE
> Task :react-native-localize:mergeReleaseJavaResource UP-TO-DATE
> Task :react-native-localize:syncReleaseLibJars UP-TO-DATE
> Task :react-native-localize:bundleReleaseLocalLintAar UP-TO-DATE
> Task :react-native-vision-camera:stripReleaseDebugSymbols UP-TO-DATE
> Task :react-native-vision-camera:copyReleaseJniLibsProjectAndLocalJars UP-TO-DATE
> Task :react-native-vision-camera:extractDeepLinksForAarRelease UP-TO-DATE
> Task :react-native-vision-camera:extractReleaseAnnotations UP-TO-DATE
> Task :react-native-vision-camera:mergeReleaseGeneratedProguardFiles UP-TO-DATE
> Task :react-native-vision-camera:mergeReleaseConsumerProguardFiles UP-TO-DATE
> Task :react-native-vision-camera:mergeReleaseJavaResource UP-TO-DATE
> Task :react-native-vision-camera:syncReleaseLibJars UP-TO-DATE
> Task :react-native-vision-camera:bundleReleaseLocalLintAar UP-TO-DATE
> Task :react-native-nitro-image:stripReleaseDebugSymbols UP-TO-DATE
> Task :react-native-nitro-image:copyReleaseJniLibsProjectAndLocalJars UP-TO-DATE
> Task :react-native-nitro-image:extractDeepLinksForAarRelease UP-TO-DATE
> Task :react-native-nitro-image:extractReleaseAnnotations UP-TO-DATE
> Task :react-native-nitro-image:mergeReleaseGeneratedProguardFiles UP-TO-DATE
> Task :react-native-nitro-image:mergeReleaseConsumerProguardFiles UP-TO-DATE
> Task :react-native-nitro-image:mergeReleaseJavaResource UP-TO-DATE
> Task :react-native-nitro-image:syncReleaseLibJars UP-TO-DATE
> Task :react-native-nitro-image:bundleReleaseLocalLintAar UP-TO-DATE
> Task :react-native-nitro-modules:stripReleaseDebugSymbols UP-TO-DATE
> Task :react-native-nitro-modules:copyReleaseJniLibsProjectAndLocalJars UP-TO-DATE
> Task :react-native-nitro-modules:extractDeepLinksForAarRelease UP-TO-DATE
> Task :react-native-nitro-modules:extractReleaseAnnotations UP-TO-DATE
> Task :react-native-nitro-modules:mergeReleaseGeneratedProguardFiles UP-TO-DATE
> Task :react-native-nitro-modules:mergeReleaseConsumerProguardFiles UP-TO-DATE
> Task :react-native-nitro-modules:mergeReleaseJavaResource UP-TO-DATE
> Task :react-native-nitro-modules:syncReleaseLibJars UP-TO-DATE
> Task :react-native-nitro-modules:bundleReleaseLocalLintAar UP-TO-DATE
> Task :react-native-permissions:stripReleaseDebugSymbols NO-SOURCE
> Task :react-native-permissions:copyReleaseJniLibsProjectAndLocalJars UP-TO-DATE
> Task :react-native-permissions:extractDeepLinksForAarRelease UP-TO-DATE
> Task :react-native-permissions:extractReleaseAnnotations UP-TO-DATE
> Task :react-native-permissions:mergeReleaseGeneratedProguardFiles UP-TO-DATE
> Task :react-native-permissions:mergeReleaseConsumerProguardFiles UP-TO-DATE
> Task :react-native-permissions:mergeReleaseJavaResource UP-TO-DATE
> Task :react-native-permissions:syncReleaseLibJars UP-TO-DATE
> Task :react-native-permissions:bundleReleaseLocalLintAar UP-TO-DATE
> Task :react-native-reanimated:stripReleaseDebugSymbols UP-TO-DATE
> Task :react-native-reanimated:copyReleaseJniLibsProjectAndLocalJars UP-TO-DATE
> Task :react-native-reanimated:extractDeepLinksForAarRelease UP-TO-DATE
> Task :react-native-reanimated:extractReleaseAnnotations UP-TO-DATE
> Task :react-native-reanimated:mergeReleaseGeneratedProguardFiles UP-TO-DATE
> Task :react-native-reanimated:mergeReleaseConsumerProguardFiles UP-TO-DATE
> Task :react-native-reanimated:mergeReleaseJavaResource UP-TO-DATE
> Task :react-native-reanimated:syncReleaseLibJars UP-TO-DATE
> Task :react-native-reanimated:bundleReleaseLocalLintAar UP-TO-DATE
> Task :react-native-safe-area-context:stripReleaseDebugSymbols NO-SOURCE
> Task :react-native-safe-area-context:copyReleaseJniLibsProjectAndLocalJars UP-TO-DATE
> Task :react-native-safe-area-context:extractDeepLinksForAarRelease UP-TO-DATE
> Task :react-native-safe-area-context:extractReleaseAnnotations UP-TO-DATE
> Task :react-native-safe-area-context:mergeReleaseGeneratedProguardFiles UP-TO-DATE
> Task :react-native-safe-area-context:mergeReleaseConsumerProguardFiles UP-TO-DATE
> Task :react-native-safe-area-context:mergeReleaseJavaResource UP-TO-DATE
> Task :react-native-safe-area-context:syncReleaseLibJars UP-TO-DATE
> Task :react-native-safe-area-context:bundleReleaseLocalLintAar UP-TO-DATE
> Task :react-native-screens:stripReleaseDebugSymbols UP-TO-DATE
> Task :react-native-screens:copyReleaseJniLibsProjectAndLocalJars UP-TO-DATE
> Task :react-native-screens:extractDeepLinksForAarRelease UP-TO-DATE
> Task :react-native-screens:extractReleaseAnnotations UP-TO-DATE
> Task :react-native-screens:mergeReleaseGeneratedProguardFiles UP-TO-DATE
> Task :react-native-screens:mergeReleaseConsumerProguardFiles UP-TO-DATE
> Task :react-native-screens:mergeReleaseJavaResource UP-TO-DATE
> Task :react-native-screens:syncReleaseLibJars UP-TO-DATE
> Task :react-native-screens:bundleReleaseLocalLintAar UP-TO-DATE
> Task :react-native-worklets:stripReleaseDebugSymbols UP-TO-DATE
> Task :react-native-worklets:copyReleaseJniLibsProjectAndLocalJars UP-TO-DATE
> Task :react-native-worklets:extractDeepLinksForAarRelease UP-TO-DATE
> Task :react-native-worklets:extractReleaseAnnotations UP-TO-DATE
> Task :react-native-worklets:mergeReleaseGeneratedProguardFiles UP-TO-DATE
> Task :react-native-worklets:mergeReleaseConsumerProguardFiles UP-TO-DATE
> Task :react-native-worklets:mergeReleaseJavaResource UP-TO-DATE
> Task :react-native-worklets:syncReleaseLibJars UP-TO-DATE
> Task :react-native-worklets:bundleReleaseLocalLintAar UP-TO-DATE
> Task :react-native-async-storage_async-storage:stripReleaseDebugSymbols NO-SOURCE
> Task :react-native-async-storage_async-storage:copyReleaseJniLibsProjectAndLocalJars UP-TO-DATE
> Task :react-native-async-storage_async-storage:extractDeepLinksForAarRelease UP-TO-DATE
> Task :react-native-async-storage_async-storage:extractReleaseAnnotations UP-TO-DATE
> Task :react-native-async-storage_async-storage:mergeReleaseGeneratedProguardFiles UP-TO-DATE
> Task :react-native-async-storage_async-storage:mergeReleaseConsumerProguardFiles UP-TO-DATE
> Task :react-native-async-storage_async-storage:mergeReleaseJavaResource UP-TO-DATE
> Task :react-native-async-storage_async-storage:syncReleaseLibJars UP-TO-DATE
> Task :react-native-async-storage_async-storage:bundleReleaseLocalLintAar UP-TO-DATE
> Task :react-native-community_netinfo:stripReleaseDebugSymbols NO-SOURCE
> Task :react-native-community_netinfo:copyReleaseJniLibsProjectAndLocalJars UP-TO-DATE
> Task :react-native-community_netinfo:extractDeepLinksForAarRelease UP-TO-DATE
> Task :react-native-community_netinfo:extractReleaseAnnotations UP-TO-DATE
> Task :react-native-community_netinfo:mergeReleaseGeneratedProguardFiles UP-TO-DATE
> Task :react-native-community_netinfo:mergeReleaseConsumerProguardFiles UP-TO-DATE
> Task :react-native-community_netinfo:mergeReleaseJavaResource UP-TO-DATE
> Task :react-native-community_netinfo:syncReleaseLibJars UP-TO-DATE
> Task :react-native-community_netinfo:bundleReleaseLocalLintAar UP-TO-DATE
> Task :react-native-firebase_auth:stripReleaseDebugSymbols NO-SOURCE
> Task :react-native-firebase_auth:copyReleaseJniLibsProjectAndLocalJars UP-TO-DATE
> Task :react-native-firebase_auth:extractDeepLinksForAarRelease UP-TO-DATE
> Task :react-native-firebase_auth:extractReleaseAnnotations UP-TO-DATE
> Task :react-native-firebase_auth:mergeReleaseGeneratedProguardFiles UP-TO-DATE
> Task :react-native-firebase_auth:mergeReleaseConsumerProguardFiles UP-TO-DATE
> Task :react-native-firebase_auth:mergeReleaseJavaResource UP-TO-DATE
> Task :react-native-firebase_auth:syncReleaseLibJars UP-TO-DATE
> Task :react-native-firebase_auth:bundleReleaseLocalLintAar UP-TO-DATE
> Task :react-native-firebase_app:stripReleaseDebugSymbols NO-SOURCE
> Task :react-native-firebase_app:copyReleaseJniLibsProjectAndLocalJars UP-TO-DATE
> Task :react-native-firebase_app:extractDeepLinksForAarRelease UP-TO-DATE
> Task :react-native-firebase_app:extractReleaseAnnotations UP-TO-DATE
> Task :react-native-firebase_app:mergeReleaseGeneratedProguardFiles UP-TO-DATE
> Task :react-native-firebase_app:mergeReleaseConsumerProguardFiles UP-TO-DATE
> Task :react-native-firebase_app:mergeReleaseJavaResource UP-TO-DATE
> Task :react-native-firebase_app:syncReleaseLibJars UP-TO-DATE
> Task :react-native-firebase_app:bundleReleaseLocalLintAar UP-TO-DATE
> Task :react-native-ml-kit_barcode-scanning:stripReleaseDebugSymbols NO-SOURCE
> Task :react-native-ml-kit_barcode-scanning:copyReleaseJniLibsProjectAndLocalJars UP-TO-DATE
> Task :react-native-ml-kit_barcode-scanning:extractDeepLinksForAarRelease UP-TO-DATE
> Task :react-native-ml-kit_barcode-scanning:extractReleaseAnnotations UP-TO-DATE
> Task :react-native-ml-kit_barcode-scanning:mergeReleaseGeneratedProguardFiles UP-TO-DATE
> Task :react-native-ml-kit_barcode-scanning:mergeReleaseConsumerProguardFiles UP-TO-DATE
> Task :react-native-ml-kit_barcode-scanning:mergeReleaseJavaResource UP-TO-DATE
> Task :react-native-ml-kit_barcode-scanning:syncReleaseLibJars UP-TO-DATE
> Task :react-native-ml-kit_barcode-scanning:bundleReleaseLocalLintAar UP-TO-DATE
> Task :react-native-device-info:stripReleaseDebugSymbols NO-SOURCE
> Task :react-native-device-info:copyReleaseJniLibsProjectAndLocalJars UP-TO-DATE
> Task :react-native-device-info:extractDeepLinksForAarRelease UP-TO-DATE
> Task :react-native-device-info:extractReleaseAnnotations UP-TO-DATE
> Task :react-native-device-info:mergeReleaseGeneratedProguardFiles UP-TO-DATE
> Task :react-native-device-info:mergeReleaseConsumerProguardFiles UP-TO-DATE
> Task :react-native-device-info:mergeReleaseJavaResource UP-TO-DATE
> Task :react-native-device-info:syncReleaseLibJars UP-TO-DATE
> Task :react-native-device-info:bundleReleaseLocalLintAar UP-TO-DATE
> Task :react-native-geolocation-service:stripReleaseDebugSymbols NO-SOURCE
> Task :react-native-geolocation-service:copyReleaseJniLibsProjectAndLocalJars UP-TO-DATE
> Task :react-native-geolocation-service:extractDeepLinksForAarRelease UP-TO-DATE
> Task :react-native-geolocation-service:extractReleaseAnnotations UP-TO-DATE
> Task :react-native-geolocation-service:mergeReleaseGeneratedProguardFiles UP-TO-DATE
> Task :react-native-geolocation-service:mergeReleaseConsumerProguardFiles UP-TO-DATE
> Task :react-native-geolocation-service:mergeReleaseJavaResource UP-TO-DATE
> Task :react-native-geolocation-service:syncReleaseLibJars UP-TO-DATE
> Task :react-native-geolocation-service:bundleReleaseLocalLintAar UP-TO-DATE
> Task :react-native-get-random-values:stripReleaseDebugSymbols NO-SOURCE
> Task :react-native-get-random-values:copyReleaseJniLibsProjectAndLocalJars UP-TO-DATE
> Task :react-native-get-random-values:extractDeepLinksForAarRelease UP-TO-DATE
> Task :react-native-get-random-values:extractReleaseAnnotations UP-TO-DATE
> Task :react-native-get-random-values:mergeReleaseGeneratedProguardFiles UP-TO-DATE
> Task :react-native-get-random-values:mergeReleaseConsumerProguardFiles UP-TO-DATE
> Task :react-native-get-random-values:mergeReleaseJavaResource UP-TO-DATE
> Task :react-native-get-random-values:syncReleaseLibJars UP-TO-DATE
> Task :react-native-get-random-values:bundleReleaseLocalLintAar UP-TO-DATE
> Task :react-native-image-picker:stripReleaseDebugSymbols NO-SOURCE
> Task :react-native-image-picker:copyReleaseJniLibsProjectAndLocalJars UP-TO-DATE
> Task :react-native-image-picker:extractDeepLinksForAarRelease UP-TO-DATE
> Task :react-native-image-picker:extractReleaseAnnotations UP-TO-DATE
> Task :react-native-image-picker:mergeReleaseGeneratedProguardFiles UP-TO-DATE
> Task :react-native-image-picker:mergeReleaseConsumerProguardFiles UP-TO-DATE
> Task :react-native-image-picker:mergeReleaseJavaResource UP-TO-DATE
> Task :react-native-image-picker:syncReleaseLibJars UP-TO-DATE
> Task :react-native-image-picker:bundleReleaseLocalLintAar UP-TO-DATE
> Task :react-native-svg:stripReleaseDebugSymbols NO-SOURCE
> Task :react-native-svg:copyReleaseJniLibsProjectAndLocalJars UP-TO-DATE
> Task :react-native-svg:extractDeepLinksForAarRelease UP-TO-DATE
> Task :react-native-svg:extractReleaseAnnotations UP-TO-DATE
> Task :react-native-svg:mergeReleaseGeneratedProguardFiles UP-TO-DATE
> Task :react-native-svg:mergeReleaseConsumerProguardFiles UP-TO-DATE
> Task :react-native-svg:mergeReleaseJavaResource UP-TO-DATE
> Task :react-native-svg:syncReleaseLibJars UP-TO-DATE
> Task :react-native-svg:bundleReleaseLocalLintAar UP-TO-DATE
> Task :react-native-vector-icons:stripReleaseDebugSymbols NO-SOURCE
> Task :react-native-vector-icons:copyReleaseJniLibsProjectAndLocalJars UP-TO-DATE
> Task :react-native-vector-icons:extractDeepLinksForAarRelease UP-TO-DATE
> Task :react-native-vector-icons:extractReleaseAnnotations UP-TO-DATE
> Task :react-native-vector-icons:mergeReleaseGeneratedProguardFiles UP-TO-DATE
> Task :react-native-vector-icons:mergeReleaseConsumerProguardFiles UP-TO-DATE
> Task :react-native-vector-icons:mergeReleaseJavaResource UP-TO-DATE
> Task :react-native-vector-icons:syncReleaseLibJars UP-TO-DATE
> Task :react-native-vector-icons:bundleReleaseLocalLintAar UP-TO-DATE
> Task :lottie-react-native:writeReleaseLintModelMetadata UP-TO-DATE
> Task :react-native-async-storage_async-storage:writeReleaseLintModelMetadata UP-TO-DATE
> Task :react-native-bootsplash:writeReleaseLintModelMetadata UP-TO-DATE
> Task :react-native-community_netinfo:writeReleaseLintModelMetadata UP-TO-DATE
> Task :react-native-device-info:writeReleaseLintModelMetadata UP-TO-DATE
> Task :react-native-firebase_app:writeReleaseLintModelMetadata UP-TO-DATE
> Task :react-native-firebase_auth:writeReleaseLintModelMetadata UP-TO-DATE
> Task :react-native-geolocation-service:writeReleaseLintModelMetadata UP-TO-DATE
> Task :react-native-reanimated:writeReleaseLintModelMetadata UP-TO-DATE
> Task :react-native-svg:writeReleaseLintModelMetadata UP-TO-DATE
> Task :react-native-worklets:writeReleaseLintModelMetadata UP-TO-DATE
> Task :react-native-gesture-handler:writeReleaseLintModelMetadata UP-TO-DATE
> Task :react-native-get-random-values:writeReleaseLintModelMetadata UP-TO-DATE
> Task :react-native-google-signin_google-signin:writeReleaseLintModelMetadata UP-TO-DATE
> Task :react-native-image-picker:writeReleaseLintModelMetadata UP-TO-DATE
> Task :react-native-keychain:writeReleaseLintModelMetadata UP-TO-DATE
> Task :react-native-localize:writeReleaseLintModelMetadata UP-TO-DATE
> Task :react-native-ml-kit_barcode-scanning:writeReleaseLintModelMetadata UP-TO-DATE
> Task :react-native-nitro-modules:writeReleaseLintModelMetadata UP-TO-DATE
> Task :react-native-nitro-image:writeReleaseLintModelMetadata UP-TO-DATE
> Task :react-native-permissions:writeReleaseLintModelMetadata UP-TO-DATE
> Task :react-native-safe-area-context:writeReleaseLintModelMetadata UP-TO-DATE
> Task :react-native-screens:writeReleaseLintModelMetadata UP-TO-DATE
> Task :react-native-vector-icons:writeReleaseLintModelMetadata UP-TO-DATE
> Task :react-native-vision-camera:writeReleaseLintModelMetadata UP-TO-DATE
> Task :lottie-react-native:generateReleaseLintVitalModel UP-TO-DATE
> Task :react-native-async-storage_async-storage:generateReleaseLintVitalModel UP-TO-DATE
> Task :react-native-bootsplash:generateReleaseLintVitalModel UP-TO-DATE
> Task :react-native-community_netinfo:generateReleaseLintVitalModel UP-TO-DATE
> Task :react-native-device-info:generateReleaseLintVitalModel UP-TO-DATE
> Task :react-native-firebase_app:generateReleaseLintVitalModel UP-TO-DATE
> Task :react-native-firebase_auth:generateReleaseLintVitalModel UP-TO-DATE
> Task :react-native-geolocation-service:generateReleaseLintVitalModel UP-TO-DATE
> Task :react-native-gesture-handler:generateReleaseLintVitalModel UP-TO-DATE
> Task :react-native-get-random-values:generateReleaseLintVitalModel UP-TO-DATE
> Task :react-native-google-signin_google-signin:generateReleaseLintVitalModel UP-TO-DATE
> Task :react-native-image-picker:generateReleaseLintVitalModel UP-TO-DATE
> Task :react-native-keychain:generateReleaseLintVitalModel UP-TO-DATE
> Task :react-native-localize:generateReleaseLintVitalModel UP-TO-DATE
> Task :react-native-ml-kit_barcode-scanning:generateReleaseLintVitalModel UP-TO-DATE
> Task :react-native-nitro-image:generateReleaseLintVitalModel UP-TO-DATE
> Task :react-native-nitro-modules:generateReleaseLintVitalModel UP-TO-DATE
> Task :react-native-permissions:generateReleaseLintVitalModel UP-TO-DATE
> Task :react-native-reanimated:generateReleaseLintVitalModel UP-TO-DATE
> Task :react-native-safe-area-context:generateReleaseLintVitalModel UP-TO-DATE
> Task :react-native-screens:generateReleaseLintVitalModel UP-TO-DATE
> Task :react-native-svg:generateReleaseLintVitalModel UP-TO-DATE
> Task :react-native-vector-icons:generateReleaseLintVitalModel UP-TO-DATE
> Task :react-native-vision-camera:generateReleaseLintVitalModel UP-TO-DATE
> Task :react-native-worklets:generateReleaseLintVitalModel UP-TO-DATE
> Task :app:processReleaseJavaRes UP-TO-DATE
> Task :app:mergeReleaseJavaResource UP-TO-DATE
> Task :app:optimizeReleaseResources UP-TO-DATE
> Task :app:collectReleaseDependencies UP-TO-DATE
> Task :app:sdkReleaseDependencyData UP-TO-DATE
> Task :app:validateSigningRelease UP-TO-DATE
> Task :app:writeReleaseAppMetadata UP-TO-DATE
> Task :app:writeReleaseSigningConfigVersions UP-TO-DATE
> Task :lottie-react-native:bundleReleaseAar UP-TO-DATE
> Task :lottie-react-native:mapReleaseSourceSetPaths UP-TO-DATE
> Task :lottie-react-native:mergeReleaseResources UP-TO-DATE
> Task :lottie-react-native:verifyReleaseResources UP-TO-DATE
> Task :lottie-react-native:assembleRelease UP-TO-DATE
> Task :react-native-async-storage_async-storage:bundleReleaseAar UP-TO-DATE
> Task :react-native-async-storage_async-storage:mapReleaseSourceSetPaths UP-TO-DATE
> Task :react-native-async-storage_async-storage:mergeReleaseResources UP-TO-DATE
> Task :react-native-async-storage_async-storage:verifyReleaseResources UP-TO-DATE
> Task :react-native-async-storage_async-storage:assembleRelease UP-TO-DATE
> Task :react-native-bootsplash:bundleReleaseAar UP-TO-DATE
> Task :react-native-bootsplash:mapReleaseSourceSetPaths UP-TO-DATE
> Task :react-native-bootsplash:mergeReleaseResources UP-TO-DATE
> Task :react-native-bootsplash:verifyReleaseResources UP-TO-DATE
> Task :react-native-bootsplash:assembleRelease UP-TO-DATE
> Task :react-native-community_netinfo:bundleReleaseAar UP-TO-DATE
> Task :react-native-community_netinfo:mapReleaseSourceSetPaths UP-TO-DATE
> Task :react-native-community_netinfo:mergeReleaseResources UP-TO-DATE
> Task :react-native-device-info:bundleReleaseAar
> Task :react-native-device-info:mapReleaseSourceSetPaths
> Task :react-native-community_netinfo:verifyReleaseResources
> Task :react-native-device-info:mergeReleaseResources
> Task :react-native-community_netinfo:assembleRelease
> Task :react-native-firebase_app:bundleReleaseAar
> Task :react-native-firebase_app:mapReleaseSourceSetPaths
> Task :react-native-device-info:verifyReleaseResources
> Task :lottie-react-native:lintVitalAnalyzeRelease
> Task :react-native-firebase_app:mergeReleaseResources
> Task :react-native-device-info:assembleRelease
> Task :react-native-firebase_auth:bundleReleaseAar
> Task :react-native-async-storage_async-storage:lintVitalAnalyzeRelease
> Task :react-native-bootsplash:lintVitalAnalyzeRelease
> Task :react-native-firebase_auth:mapReleaseSourceSetPaths
> Task :react-native-firebase_app:verifyReleaseResources
> Task :react-native-firebase_auth:mergeReleaseResources
> Task :react-native-firebase_app:assembleRelease
> Task :react-native-geolocation-service:bundleReleaseAar
> Task :react-native-geolocation-service:mapReleaseSourceSetPaths
> Task :react-native-firebase_auth:verifyReleaseResources
> Task :react-native-geolocation-service:mergeReleaseResources
> Task :react-native-firebase_auth:assembleRelease
> Task :react-native-gesture-handler:bundleReleaseAar
> Task :react-native-gesture-handler:mapReleaseSourceSetPaths
> Task :react-native-geolocation-service:verifyReleaseResources
> Task :react-native-gesture-handler:mergeReleaseResources
> Task :react-native-geolocation-service:assembleRelease
> Task :react-native-get-random-values:bundleReleaseAar
> Task :react-native-get-random-values:mapReleaseSourceSetPaths
> Task :react-native-gesture-handler:verifyReleaseResources
> Task :react-native-get-random-values:mergeReleaseResources
> Task :react-native-gesture-handler:assembleRelease
> Task :react-native-google-signin_google-signin:bundleReleaseAar
> Task :react-native-google-signin_google-signin:mapReleaseSourceSetPaths
> Task :react-native-get-random-values:verifyReleaseResources
> Task :react-native-google-signin_google-signin:mergeReleaseResources
> Task :react-native-get-random-values:assembleRelease
> Task :react-native-image-picker:bundleReleaseAar
> Task :react-native-image-picker:mapReleaseSourceSetPaths
> Task :react-native-firebase_app:lintVitalAnalyzeRelease
> Task :react-native-google-signin_google-signin:verifyReleaseResources
> Task :react-native-image-picker:mergeReleaseResources
> Task :react-native-google-signin_google-signin:assembleRelease
> Task :react-native-keychain:bundleReleaseAar
> Task :react-native-keychain:mapReleaseSourceSetPaths
> Task :react-native-community_netinfo:lintVitalAnalyzeRelease
> Task :react-native-firebase_auth:lintVitalAnalyzeRelease
> Task :react-native-image-picker:verifyReleaseResources
> Task :react-native-keychain:mergeReleaseResources
> Task :react-native-image-picker:assembleRelease
> Task :react-native-localize:bundleReleaseAar
> Task :react-native-localize:mapReleaseSourceSetPaths
> Task :react-native-device-info:lintVitalAnalyzeRelease
> Task :react-native-keychain:verifyReleaseResources
> Task :react-native-localize:mergeReleaseResources
> Task :react-native-keychain:assembleRelease
> Task :react-native-ml-kit_barcode-scanning:bundleReleaseAar
> Task :react-native-ml-kit_barcode-scanning:mapReleaseSourceSetPaths
> Task :react-native-geolocation-service:lintVitalAnalyzeRelease
> Task :react-native-localize:verifyReleaseResources
> Task :react-native-get-random-values:lintVitalAnalyzeRelease
> Task :react-native-ml-kit_barcode-scanning:mergeReleaseResources
> Task :react-native-localize:assembleRelease
> Task :react-native-image-picker:lintVitalAnalyzeRelease
> Task :react-native-ml-kit_barcode-scanning:verifyReleaseResources
> Task :react-native-google-signin_google-signin:lintVitalAnalyzeRelease
> Task :react-native-nitro-image:bundleReleaseAar
> Task :react-native-ml-kit_barcode-scanning:assembleRelease
> Task :react-native-nitro-image:mapReleaseSourceSetPaths
> Task :react-native-gesture-handler:lintVitalAnalyzeRelease
> Task :react-native-nitro-image:mergeReleaseResources
> Task :react-native-nitro-image:verifyReleaseResources
> Task :react-native-localize:lintVitalAnalyzeRelease
> Task :react-native-nitro-modules:bundleReleaseAar
> Task :react-native-nitro-image:assembleRelease
> Task :react-native-nitro-modules:mapReleaseSourceSetPaths
> Task :react-native-keychain:lintVitalAnalyzeRelease
> Task :react-native-ml-kit_barcode-scanning:lintVitalAnalyzeRelease
> Task :react-native-nitro-modules:mergeReleaseResources
> Task :react-native-permissions:bundleReleaseAar
> Task :react-native-permissions:mapReleaseSourceSetPaths
> Task :react-native-nitro-modules:verifyReleaseResources
> Task :react-native-nitro-modules:lintVitalAnalyzeRelease
> Task :react-native-permissions:mergeReleaseResources
> Task :react-native-reanimated:lintVitalAnalyzeRelease SKIPPED
> Task :react-native-nitro-modules:assembleRelease
> Task :react-native-permissions:verifyReleaseResources
> Task :react-native-permissions:lintVitalAnalyzeRelease
> Task :react-native-nitro-image:lintVitalAnalyzeRelease
> Task :react-native-safe-area-context:lintVitalAnalyzeRelease
> Task :react-native-reanimated:bundleReleaseAar
> Task :react-native-permissions:assembleRelease
> Task :react-native-reanimated:mapReleaseSourceSetPaths
> Task :react-native-vector-icons:lintVitalAnalyzeRelease
> Task :react-native-reanimated:mergeReleaseResources
> Task :react-native-safe-area-context:bundleReleaseAar
> Task :react-native-safe-area-context:mapReleaseSourceSetPaths
> Task :react-native-reanimated:verifyReleaseResources
> Task :react-native-svg:lintVitalAnalyzeRelease
> Task :react-native-safe-area-context:mergeReleaseResources
> Task :react-native-worklets:lintVitalAnalyzeRelease SKIPPED
> Task :react-native-reanimated:assembleRelease
> Task :react-native-screens:bundleReleaseAar
> Task :react-native-screens:mapReleaseSourceSetPaths
> Task :react-native-safe-area-context:verifyReleaseResources
> Task :react-native-screens:lintVitalAnalyzeRelease
> Task :react-native-screens:mergeReleaseResources
> Task :react-native-safe-area-context:assembleRelease
> Task :react-native-svg:bundleReleaseAar
> Task :react-native-svg:mapReleaseSourceSetPaths
> Task :react-native-svg:mergeReleaseResources
> Task :react-native-vector-icons:bundleReleaseAar
> Task :react-native-vector-icons:mapReleaseSourceSetPaths
> Task :react-native-vision-camera:lintVitalAnalyzeRelease
> Task :react-native-screens:verifyReleaseResources
> Task :react-native-svg:verifyReleaseResources
> Task :react-native-vector-icons:mergeReleaseResources
> Task :react-native-screens:assembleRelease
> Task :react-native-svg:assembleRelease
> Task :react-native-vector-icons:verifyReleaseResources
> Task :react-native-vision-camera:bundleReleaseAar
> Task :react-native-vector-icons:assembleRelease
> Task :react-native-vision-camera:mapReleaseSourceSetPaths
> Task :react-native-vision-camera:mergeReleaseResources
> Task :app:lintVitalAnalyzeRelease
> Task :react-native-vision-camera:verifyReleaseResources
> Task :react-native-worklets:bundleReleaseAar
> Task :react-native-vision-camera:assembleRelease
> Task :react-native-worklets:mapReleaseSourceSetPaths
> Task :app:lintVitalReportRelease
> Task :react-native-worklets:mergeReleaseResources
> Task :app:lintVitalRelease
> Task :react-native-worklets:verifyReleaseResources
> Task :react-native-worklets:assembleRelease
> Task :app:packageRelease
> Task :app:createReleaseApkListingFileRedirect
> Task :app:assembleRelease

[Incubating] Problems report is available at: file:///O:/PROJECTS/CONNIFY-APP/Connify/android/build/reports/problems/problems-report.html

Deprecated Gradle features were used in this build, making it incompatible with Gradle 9.0.

You can use '--warning-mode all' to show the individual deprecation warnings and determine if they come from your own scripts or plugins.

For more on this, please refer to https://docs.gradle.org/8.13/userguide/command_line_interface.html#sec:command_line_warnings in the Gradle documentation.

BUILD SUCCESSFUL in 32m 2s
1209 actionable tasks: 193 executed, 1016 up-to-date
